Date,Gold Price,BTC Price,Unix Time
9/12/16,1324.6,609.67,1473652800.0
9/13/16,1323.65,610.92,1473739200.0
9/14/16,1321.75,608.82,1473825600.0
9/15/16,1310.8,610.38,1473912000.0
9/16/16,1308.35,609.11,1473998400.0
9/17/16,1314.85,607.04,1474084800.0
9/18/16,1314.85,611.58,1474171200.0
9/19/16,1314.85,610.19,1474257600.0
9/20/16,1313.8,608.66,1474344000.0
9/21/16,1326.1,598.88,1474430400.0
9/22/16,1339.1,597.42,1474516800.0
9/23/16,1338.65,594.08,1474603200.0
9/24/16,1340.5,603.88,1474689600.0
9/25/16,1340.5,601.74,1474776000.0
9/26/16,1340.5,598.98,1474862400.0
9/27/16,1327.0,605.96,1474948800.0
9/28/16,1322.5,605.67,1475035200.0
9/29/16,1318.1,603.85,1475121600.0
9/30/16,1322.5,609.39,1475208000.0
10/1/16,1313.3,614.82,1475294400.0
10/2/16,1313.3,612.98,1475380800.0
10/3/16,1313.3,611.85,1475467200.0
10/4/16,1283.3,609.62,1475553600.0
10/5/16,1269.4,607.18,1475640000.0
10/6/16,1254.5,612.08,1475726400.0
10/7/16,1258.75,617.21,1475812800.0
10/8/16,1259.5,614.74,1475899200.0
10/9/16,1259.5,615.65,1475985600.0
10/10/16,1259.5,617.54,1476072000.0
10/11/16,1253.45,614.77,1476158400.0
10/12/16,1256.5,635.01,1476244800.0
10/13/16,1261.05,635.96,1476331200.0
10/14/16,1251.75,634.02,1476417600.0
10/15/16,1254.8,637.94,1476504000.0
10/16/16,1254.8,641.42,1476590400.0
10/17/16,1254.8,638.97,1476676800.0
10/18/16,1258.2,636.29,1476763200.0
10/19/16,1269.05,629.25,1476849600.0
10/20/16,1271.65,627.72,1476936000.0
10/21/16,1266.05,631.92,1477022400.0
10/22/16,1265.55,655.48,1477108800.0
10/23/16,1265.55,653.25,1477195200.0
10/24/16,1265.55,651.39,1477281600.0
10/25/16,1269.4,655.31,1477368000.0
10/26/16,1270.5,651.45,1477454400.0
10/27/16,1266.25,682.22,1477540800.0
10/28/16,1273.0,687.68,1477627200.0
10/29/16,1272.0,685.91,1477713600.0
10/30/16,1272.0,698.0,1477800000.0
10/31/16,1272.0,702.0,1477886400.0
11/1/16,1288.45,697.01,1477972800.0
11/2/16,1303.75,733.33,1478059200.0
11/3/16,1301.0,686.17,1478145600.0
11/4/16,1302.8,683.69,1478232000.0
11/5/16,1283.05,704.79,1478318400.0
11/6/16,1283.05,712.0,1478404800.0
11/7/16,1283.05,709.96,1478494800.0
11/8/16,1282.35,708.97,1478581200.0
11/9/16,1281.4,720.93,1478667600.0
11/10/16,1267.5,721.5,1478754000.0
11/11/16,1236.45,715.45,1478840400.0
11/12/16,1213.6,703.71,1478926800.0
11/13/16,1213.6,702.28,1479013200.0
11/14/16,1213.6,706.46,1479099600.0
11/15/16,1226.95,710.91,1479186000.0
11/16/16,1229.2,711.73,1479272400.0
11/17/16,1226.75,736.96,1479358800.0
11/18/16,1211.0,747.52,1479445200.0
11/19/16,1214.25,748.98,1479531600.0
11/20/16,1214.25,729.06,1479618000.0
11/21/16,1214.25,738.53,1479704400.0
11/22/16,1212.25,736.97,1479790800.0
11/23/16,1185.35,741.63,1479877200.0
11/24/16,1186.1,737.45,1479963600.0
11/25/16,1187.7,735.64,1480050000.0
11/26/16,1187.0,733.67,1480136400.0
11/27/16,1187.0,727.96,1480222800.0
11/28/16,1187.0,727.31,1480309200.0
11/29/16,1186.55,732.71,1480395600.0
11/30/16,1178.1,742.69,1480482000.0
12/1/16,1161.85,742.05,1480568400.0
12/2/16,1173.5,772.43,1480654800.0
12/3/16,1162.2,764.33,1480741200.0
12/4/16,1162.2,762.97,1480827600.0
12/5/16,1162.2,754.63,1480914000.0
12/6/16,1172.5,756.62,1481000400.0
12/7/16,1177.65,758.99,1481086800.0
12/8/16,1171.05,769.72,1481173200.0
12/9/16,1163.6,770.02,1481259600.0
12/10/16,1156.1,769.08,1481346000.0
12/11/16,1156.1,777.0,1481432400.0
12/12/16,1156.1,777.0,1481518800.0
12/13/16,1158.55,777.99,1481605200.0
12/14/16,1162.25,774.89,1481691600.0
12/15/16,1126.95,776.75,1481778000.0
12/16/16,1131.6,775.88,1481864400.0
12/17/16,1136.25,788.7,1481950800.0
12/18/16,1136.25,788.4,1482037200.0
12/19/16,1136.25,788.67,1482123600.0
12/20/16,1125.7,793.09,1482210000.0
12/21/16,1133.65,824.21,1482296400.0
12/22/16,1131.35,834.97,1482382800.0
12/23/16,1131.35,901.31,1482469200.0
12/24/16,1134.6,891.61,1482555600.0
12/25/16,1134.6,892.6,1482642000.0
12/26/16,1134.6,897.33,1482728400.0
12/27/16,1134.6,930.37,1482814800.0
12/28/16,1134.6,930.34,1482901200.0
12/29/16,1145.9,963.38,1482987600.0
12/30/16,1145.9,952.15,1483074000.0
12/31/16,1151.0,958.12,1483160400.0
1/1/17,1151.0,997.72,1483246800.0
1/2/17,1151.0,1015.97,1483333200.0
1/3/17,1151.0,1013.42,1483419600.0
1/4/17,1164.25,1126.76,1483506000.0
1/5/17,1176.7,994.67,1483592400.0
1/6/17,1175.85,999.65,1483678800.0
1/7/17,1178.5,896.83,1483765200.0
1/8/17,1178.5,908.14,1483851600.0
1/9/17,1178.5,910.49,1483938000.0
1/10/17,1189.5,906.05,1484024400.0
1/11/17,1178.55,785.22,1484110800.0
1/12/17,1205.05,780.92,1484197200.0
1/13/17,1190.35,826.29,1484283600.0
1/14/17,1203.0,817.91,1484370000.0
1/15/17,1203.0,819.55,1484456400.0
1/16/17,1203.0,830.5,1484542800.0
1/17/17,1216.05,903.84,1484629200.0
1/18/17,1214.75,906.6,1484715600.0
1/19/17,1196.05,895.798875,1484802000.0
1/20/17,1200.55,893.6210875,1484888400.0
1/21/17,1212.85,895.64,1484974800.0
1/22/17,1212.85,918.603625,1485061200.0
1/23/17,1212.85,922.0736125,1485147600.0
1/24/17,1216.8,919.97,1485234000.0
1/25/17,1195.0,893.045625,1485320400.0
1/26/17,1189.7,915.95625,1485406800.0
1/27/17,1184.85,915.05,1485493200.0
1/28/17,1192.8,920.31225,1485579600.0
1/29/17,1192.8,915.933,1485666000.0
1/30/17,1192.8,912.19,1485752400.0
1/31/17,1212.8,964.706075,1485838800.0
2/1/17,1203.65,979.703875,1485925200.0
2/2/17,1221.95,983.42,1486011600.0
2/3/17,1215.2,1013.027,1486098000.0
2/4/17,1226.75,1030.999413,1486184400.0
2/5/17,1226.75,1034.07,1486270800.0
2/6/17,1226.75,1024.01375,1486357200.0
2/7/17,1231.0,1050.11,1486443600.0
2/8/17,1242.1,1052.84,1486530000.0
2/9/17,1236.8,976.103,1486616400.0
2/10/17,1228.3,999.1035,1486702800.0
2/11/17,1222.25,997.59,1486789200.0
2/12/17,1222.25,1000.604625,1486875600.0
2/13/17,1222.25,999.877375,1486962000.0
2/14/17,1230.75,1001.2,1487048400.0
2/15/17,1224.4,1012.325988,1487134800.0
2/16/17,1240.55,1035.208125,1487221200.0
2/17/17,1241.95,1035.2,1487307600.0
2/18/17,1237.3,1056.637138,1487394000.0
2/19/17,1237.3,1052.779286,1487480400.0
2/20/17,1237.3,1050.87,1487566800.0
2/21/17,1233.2,1123.788429,1487653200.0
2/22/17,1236.65,1123.223188,1487739600.0
2/23/17,1247.9,1130.01,1487826000.0
2/24/17,1253.65,1174.86625,1487912400.0
2/25/17,1257.2,1150.605714,1487998800.0
2/26/17,1257.2,1150.37,1488085200.0
2/27/17,1257.2,1190.75195,1488171600.0
2/28/17,1255.6,1187.565286,1488258000.0
3/1/17,1240.4,1190.89,1488344400.0
3/2/17,1238.1,1259.410817,1488430800.0
3/3/17,1226.5,1285.14,1488517200.0
3/4/17,1230.95,1287.0,1488603600.0
3/5/17,1230.95,1270.9333,1488690000.0
3/6/17,1230.95,1275.197375,1488776400.0
3/7/17,1216.65,1279.5,1488862800.0
3/8/17,1209.2,1157.3933,1488949200.0
3/9/17,1206.55,1192.469143,1489035600.0
3/10/17,1202.65,1192.09,1489122000.0
3/11/17,1204.2,1179.159875,1489208400.0
3/12/17,1204.2,1227.494625,1489294800.0
3/13/17,1204.2,1227.68,1489377600.0
3/14/17,1204.6,1245.370786,1489464000.0
3/15/17,1198.8,1257.399625,1489550400.0
3/16/17,1229.35,1257.0,1489636800.0
3/17/17,1229.6,1091.171888,1489723200.0
3/18/17,1232.4,952.2323625,1489809600.0
3/19/17,1232.4,967.69,1489896000.0
3/20/17,1232.4,1049.084488,1489982400.0
3/21/17,1241.6,1118.630043,1490068800.0
3/22/17,1249.05,1113.0,1490155200.0
3/23/17,1247.5,1038.789,1490241600.0
3/24/17,1247.5,941.9197143,1490328000.0
3/25/17,1257.55,927.93,1490414400.0
3/26/17,1257.55,956.7863125,1490500800.0
3/27/17,1257.55,1037.22925,1490587200.0
3/28/17,1257.25,1041.04,1490673600.0
3/29/17,1251.1,1040.5755,1490760000.0
3/30/17,1248.8,1037.90455,1490846400.0
3/31/17,1244.85,1034.74,1490932800.0
4/1/17,1247.25,1086.929571,1491019200.0
4/2/17,1247.25,1099.169125,1491105600.0
4/3/17,1247.25,1079.99,1491192000.0
4/4/17,1257.65,1141.600363,1491278400.0
4/5/17,1245.8,1133.079314,1491364800.0
4/6/17,1252.5,1133.53,1491451200.0
4/7/17,1266.45,1190.45425,1491537600.0
4/8/17,1250.05,1181.149838,1491624000.0
4/9/17,1250.05,1184.03,1491710400.0
4/10/17,1250.05,1207.744875,1491796800.0
4/11/17,1252.9,1226.617038,1491883200.0
4/12/17,1274.3,1219.09,1491969600.0
4/13/17,1284.15,1180.023713,1492056000.0
4/14/17,1278.95,1185.260057,1492142400.0
4/15/17,1278.95,1170.36,1492228800.0
4/16/17,1278.95,1186.927413,1492315200.0
4/17/17,1278.95,1205.634875,1492401600.0
4/18/17,1278.95,1176.97,1492488000.0
4/19/17,1279.05,1217.930088,1492574400.0
4/20/17,1282.1,1241.686325,1492660800.0
4/21/17,1281.85,1236.63,1492747200.0
4/22/17,1269.4,1261.311225,1492833600.0
4/23/17,1269.4,1257.988113,1492920000.0
4/24/17,1269.4,1240.84,1493006400.0
4/25/17,1267.8,1279.414688,1493092800.0
4/26/17,1261.85,1309.109875,1493179200.0
4/27/17,1262.8,1288.02,1493265600.0
4/28/17,1266.45,1331.294429,1493352000.0
4/29/17,1255.45,1334.979038,1493438400.0
4/30/17,1255.45,1333.0,1493524800.0
5/1/17,1255.45,1417.172813,1493611200.0
5/2/17,1255.45,1452.076288,1493697600.0
5/3/17,1250.3,1447.55,1493784000.0
5/4/17,1228.45,1508.292125,1493870400.0
5/5/17,1228.05,1533.335071,1493956800.0
5/6/17,1229.8,1518.75,1494043200.0
5/7/17,1229.8,1535.868429,1494129600.0
5/8/17,1229.8,1640.619225,1494216000.0
5/9/17,1220.4,1651.1,1494302400.0
5/10/17,1222.95,1762.88625,1494388800.0
5/11/17,1223.15,1820.990563,1494475200.0
5/12/17,1231.25,1829.0,1494561600.0
5/13/17,1233.3,1771.920013,1494648000.0
5/14/17,1233.3,1776.3165,1494734400.0
5/15/17,1233.3,1780.0,1494820800.0
5/16/17,1234.2,1739.031975,1494907200.0
5/17/17,1257.4,1807.485063,1494993600.0
5/18/17,1255.9,1783.98,1495080000.0
5/19/17,1252.0,1961.520488,1495166400.0
5/20/17,1258.85,2052.909788,1495252800.0
5/21/17,1258.85,2008.84,1495339200.0
5/22/17,1258.85,2090.662313,1495425600.0
5/23/17,1260.2,2287.710288,1495512000.0
5/24/17,1252.55,2256.32,1495598400.0
5/25/17,1256.95,2387.206286,1495684800.0
5/26/17,1265.05,2211.976857,1495771200.0
5/27/17,1262.7,2279.82,1495857600.0
5/28/17,1262.7,2192.9808,1495944000.0
5/29/17,1262.7,2275.9307,1496030400.0
5/30/17,1262.7,2290.02,1496116800.0
5/31/17,1266.2,2285.933914,1496203200.0
6/1/17,1264.85,2399.242671,1496289600.0
6/2/17,1274.95,2409.93,1496376000.0
6/3/17,1279.95,2525.765158,1496462400.0
6/4/17,1279.95,2516.173143,1496548800.0
6/5/17,1279.95,2529.53,1496635200.0
6/6/17,1293.5,2883.313697,1496721600.0
6/7/17,1291.0,2664.920863,1496808000.0
6/8/17,1273.1,2683.03,1496894400.0
6/9/17,1266.55,2827.4913,1496980800.0
6/10/17,1266.4,2845.372857,1497067200.0
6/11/17,1266.4,2898.63,1497153600.0
6/12/17,1266.4,2657.675063,1497240000.0
6/13/17,1262.0,2748.185086,1497326400.0
6/14/17,1275.5,2706.0,1497412800.0
6/15/17,1254.55,2442.48025,1497499200.0
6/16/17,1255.4,2464.959814,1497585600.0
6/17/17,1248.15,2477.94,1497672000.0
6/18/17,1248.15,2507.389252,1497758400.0
6/19/17,1248.15,2617.210263,1497844800.0
6/20/17,1242.2,2600.0,1497931200.0
6/21/17,1242.5,2671.04325,1498017600.0
6/22/17,1250.8,2727.288013,1498104000.0
6/23/17,1255.7,2713.48,1498190400.0
6/24/17,1245.25,2589.164888,1498276800.0
6/25/17,1245.25,2512.366286,1498363200.0
6/26/17,1245.25,2502.03,1498449600.0
6/27/17,1249.55,2517.903114,1498536000.0
6/28/17,1248.0,2585.349186,1498622400.0
6/29/17,1243.5,2558.3,1498708800.0
6/30/17,1242.25,2477.641375,1498795200.0
7/1/17,1229.25,2501.191343,1498881600.0
7/2/17,1229.25,2421.26,1498968000.0
7/3/17,1229.25,2561.225429,1499054400.0
7/4/17,1223.75,2599.729838,1499140800.0
7/5/17,1220.3,2598.89,1499227200.0
7/6/17,1224.9,2609.96775,1499313600.0
7/7/17,1215.65,2491.201214,1499400000.0
7/8/17,1211.9,2502.86,1499486400.0
7/9/17,1211.9,2536.238938,1499572800.0
7/10/17,1211.9,2366.170143,1499659200.0
7/11/17,1211.05,2327.09,1499745600.0
7/12/17,1218.8,2385.748571,1499832000.0
7/13/17,1218.9,2354.783417,1499918400.0
7/14/17,1230.3,2338.49,1500004800.0
7/15/17,1234.1,2058.9956,1500091200.0
7/16/17,1234.1,1931.2143,1500177600.0
7/17/17,1234.1,1910.96,1500264000.0
7/18/17,1240.75,2320.12225,1500350400.0
7/19/17,1242.15,2264.7657,1500436800.0
7/20/17,1238.7,2265.21,1500523200.0
7/21/17,1248.55,2682.195363,1500609600.0
7/22/17,1255.55,2807.609857,1500696000.0
7/23/17,1255.55,2825.51,1500782400.0
7/24/17,1255.55,2751.821029,1500868800.0
7/25/17,1254.4,2560.997917,1500955200.0
7/26/17,1248.1,2564.3,1501041600.0
7/27/17,1261.1,2647.625,1501128000.0
7/28/17,1264.9,2781.636583,1501214400.0
7/29/17,1267.55,2784.8,1501300800.0
7/30/17,1267.55,2745.955417,1501387200.0
7/31/17,1267.55,2866.431667,1501473600.0
8/1/17,1270.95,2862.9,1501560000.0
8/2/17,1269.6,2693.633983,1501646400.0
8/3/17,1268.1,2794.117717,1501732800.0
8/4/17,1257.7,2790.0,1501819200.0
8/5/17,1258.0,3218.115017,1501905600.0
8/6/17,1258.0,3252.562533,1501992000.0
8/7/17,1258.0,3210.2,1502078400.0
8/8/17,1261.8,3457.374333,1502164800.0
8/9/17,1271.05,3357.326317,1502251200.0
8/10/17,1284.4,3340.28,1502337600.0
8/11/17,1286.1,3632.506667,1502424000.0
8/12/17,1282.3,3852.802914,1502510400.0
8/13/17,1282.3,3868.52,1502596800.0
8/14/17,1282.3,4282.992,1502683200.0
8/15/17,1270.3,4217.028329,1502769600.0
8/16/17,1272.75,4179.97,1502856000.0
8/17/17,1285.15,4328.725717,1502942400.0
8/18/17,1295.8,4130.440067,1503028800.0
8/19/17,1292.9,4104.71,1503115200.0
8/20/17,1292.9,4157.958033,1503201600.0
8/21/17,1292.9,4043.722,1503288000.0
8/22/17,1284.2,3986.28,1503374400.0
8/23/17,1286.65,4174.95,1503460800.0
8/24/17,1289.0,4340.316717,1503547200.0
8/25/17,1285.3,4331.77,1503633600.0
8/26/17,1318.65,4360.513317,1503720000.0
8/27/17,1318.65,4354.308333,1503806400.0
8/28/17,1318.65,4339.05,1503892800.0
8/29/17,1318.65,4607.98545,1503979200.0
8/30/17,1308.5,4594.98785,1504065600.0
8/31/17,1311.75,4582.52,1504152000.0
9/1/17,1320.4,4911.740017,1504238400.0
9/2/17,1333.1,4580.38748,1504324800.0
9/3/17,1333.1,4585.57,1504411200.0
9/4/17,1333.1,4344.098317,1504497600.0
9/5/17,1335.55,4488.72014,1504584000.0
9/6/17,1337.85,4385.02,1504670400.0
9/7/17,1343.5,4654.6585,1504756800.0
9/8/17,1346.25,4310.750183,1504843200.0
9/9/17,1334.2,4312.26,1504929600.0
9/10/17,1334.2,4329.955,1505016000.0
9/11/17,1334.2,4248.090017,1505102400.0
9/12/17,1326.5,4198.59,1505188800.0
9/13/17,1327.55,3961.271267,1505275200.0
9/14/17,1324.55,3319.63,1505361600.0
9/15/17,1322.85,3216.43,1505448000.0
9/16/17,1312.1,3763.62604,1505534400.0
9/17/17,1312.1,3746.060783,1505620800.0
9/18/17,1312.1,3678.53,1505707200.0
9/19/17,1309.6,3943.413333,1505793600.0
9/20/17,1311.3,3977.561667,1505880000.0
9/21/17,1292.1,3894.48,1505966400.0
9/22/17,1294.8,3637.50255,1506052800.0
9/23/17,1293.3,3776.3869,1506139200.0
9/24/17,1293.3,3777.62,1506225600.0
9/25/17,1293.3,3942.555,1506312000.0
9/26/17,1300.05,3910.307383,1506398400.0
9/27/17,1282.55,3881.0,1506484800.0
9/28/17,1283.35,4201.98905,1506571200.0
9/29/17,1283.1,4193.574667,1506657600.0
9/30/17,1273.7,4164.27,1506744000.0
10/1/17,1273.7,4360.722967,1506830400.0
10/2/17,1273.7,4386.88375,1506916800.0
10/3/17,1271.25,4394.07,1507003200.0
10/4/17,1274.25,4225.175,1507089600.0
10/5/17,1274.5,4338.852,1507176000.0
10/6/17,1261.8,4318.58,1507262400.0
10/7/17,1278.75,4376.191667,1507348800.0
10/8/17,1278.75,4602.280883,1507435200.0
10/9/17,1278.75,4605.66,1507521600.0
10/10/17,1291.4,4782.28,1507608000.0
10/11/17,1289.25,4819.485767,1507694400.0
10/12/17,1290.25,4822.17,1507780800.0
10/13/17,1299.6,5563.806567,1507867200.0
10/14/17,1303.3,5739.438733,1507953600.0
10/15/17,1303.3,5825.99,1508040000.0
10/16/17,1303.3,5711.205867,1508126400.0
10/17/17,1284.75,5603.71294,1508212800.0
10/18/17,1280.2,5594.66,1508299200.0
10/19/17,1286.4,5727.6335,1508385600.0
10/20/17,1281.2,5979.45984,1508472000.0
10/21/17,1274.9,5986.44,1508558400.0
10/22/17,1274.9,5983.18455,1508644800.0
10/23/17,1274.9,5876.079867,1508731200.0
10/24/17,1276.45,5900.59,1508817600.0
10/25/17,1275.0,5669.622533,1508904000.0
10/26/17,1273.75,5893.138417,1508990400.0
10/27/17,1266.45,5889.82,1509076800.0
10/28/17,1272.0,5776.69695,1509163200.0
10/29/17,1272.0,6155.43402,1509249600.0
10/30/17,1272.0,6136.49,1509336000.0
10/31/17,1270.15,6388.645167,1509422400.0
11/1/17,1277.05,6665.306683,1509508800.0
11/2/17,1279.2,6751.98,1509595200.0
11/3/17,1267.2,7197.72006,1509681600.0
11/4/17,1270.9,7437.543317,1509768000.0
11/5/17,1270.9,7365.99,1509854400.0
11/6/17,1270.9,6989.071667,1509944400.0
11/7/17,1275.6,7092.127233,1510030800.0
11/8/17,1284.0,7128.64,1510117200.0
11/9/17,1284.8,7158.03706,1510203600.0
11/10/17,1284.3,6719.39785,1510290000.0
11/11/17,1277.95,6569.22,1510376400.0
11/12/17,1277.95,5716.301583,1510462800.0
11/13/17,1277.95,6550.227533,1510549200.0
11/14/17,1274.6,6493.63,1510635600.0
11/15/17,1282.2,7301.42992,1510722000.0
11/16/17,1280.0,7815.0307,1510808400.0
11/17/17,1284.35,7868.77,1510894800.0
11/18/17,1286.2,7817.140383,1510981200.0
11/19/17,1286.2,8007.654067,1511067600.0
11/20/17,1286.2,8049.72,1511154000.0
11/21/17,1283.3,8059.8,1511240400.0
11/22/17,1286.95,8268.035,1511326800.0
11/23/17,1290.35,8236.72,1511413200.0
11/24/17,1290.5,8250.978333,1511499600.0
11/25/17,1294.9,8707.407267,1511586000.0
11/26/17,1294.9,8768.8,1511672400.0
11/27/17,1294.9,9718.29505,1511758800.0
11/28/17,1291.85,9952.50882,1511845200.0
11/29/17,1283.85,9919.0,1511931600.0
11/30/17,1280.2,10147.372,1512018000.0
12/1/17,1275.5,10883.912,1512104400.0
12/2/17,1273.45,10879.88,1512190800.0
12/3/17,1273.45,11332.622,1512277200.0
12/4/17,1273.45,11584.83,1512363600.0
12/5/17,1266.3,11591.22,1512450000.0
12/6/17,1263.7,13540.98,1512536400.0
12/7/17,1255.0,16501.97167,1512622800.0
12/8/17,1250.65,16860.88,1512709200.0
12/9/17,1247.15,15142.83415,1512795600.0
12/10/17,1247.15,14869.805,1512882000.0
12/11/17,1247.15,15068.95,1512968400.0
12/12/17,1240.9,17276.39333,1513054800.0
12/13/17,1242.65,16808.36667,1513141200.0
12/14/17,1251.0,16252.31,1513227600.0
12/15/17,1254.6,17771.9,1513314000.0
12/16/17,1260.6,19498.68333,1513400400.0
12/17/17,1260.6,19279.9,1513486800.0
12/18/17,1260.6,18961.85667,1513573200.0
12/19/17,1260.35,17737.11167,1513659600.0
12/20/17,1264.55,17382.94,1513746000.0
12/21/17,1264.55,16047.51,1513832400.0
12/22/17,1264.55,15190.945,1513918800.0
12/23/17,1279.4,13776.61,1514005200.0
12/24/17,1279.4,13949.175,1514091600.0
12/25/17,1279.4,14119.02833,1514178000.0
12/26/17,1279.4,13740.94,1514264400.0
12/27/17,1279.4,15589.32167,1514350800.0
12/28/17,1291.0,14380.58167,1514437200.0
12/29/17,1291.0,14214.01,1514523600.0
12/30/17,1312.05,13215.574,1514610000.0
12/31/17,1312.05,14165.575,1514696400.0
1/1/18,1312.05,13796.0,1514782800.0
1/2/18,1312.05,15005.85667,1514869200.0
1/3/18,1314.9,15053.26167,1514955600.0
1/4/18,1314.5,15039.24,1515042000.0
1/5/18,1317.15,17174.12,1515128400.0
1/6/18,1319.95,17319.198,1515214800.0
1/7/18,1319.95,17155.95,1515301200.0
1/8/18,1319.95,15265.90667,1515387600.0
1/9/18,1311.0,14714.25333,1515474000.0
1/10/18,1319.75,14437.42,1515560400.0
1/11/18,1323.05,13296.794,1515646800.0
1/12/18,1326.8,13912.882,1515733200.0
1/13/18,1339.25,13791.19,1515819600.0
1/14/18,1339.25,13852.92,1515906000.0
1/15/18,1339.25,14012.196,1515992400.0
1/16/18,1333.85,13554.14,1516078800.0
1/17/18,1335.65,11116.94667,1516165200.0
1/18/18,1332.2,11345.42333,1516251600.0
1/19/18,1334.95,11174.82,1516338000.0
1/20/18,1332.6,12950.79333,1516424400.0
1/21/18,1332.6,11505.228,1516510800.0
1/22/18,1332.6,11513.42,1516597200.0
1/23/18,1333.4,11223.064,1516683600.0
1/24/18,1353.7,11282.25833,1516770000.0
1/25/18,1354.95,11392.03,1516856400.0
1/26/18,1353.15,10969.815,1516942800.0
1/27/18,1343.85,11524.77667,1517029200.0
1/28/18,1343.85,11431.37,1517115600.0
1/29/18,1343.85,11212.655,1517202000.0
1/30/18,1344.9,10184.06167,1517288400.0
1/31/18,1345.05,10082.52,1517374800.0
2/1/18,1341.35,9083.258333,1517461200.0
2/2/18,1331.15,8901.901667,1517547600.0
2/3/18,1333.6,8852.73,1517634000.0
2/4/18,1333.6,8400.648333,1517720400.0
2/5/18,1333.6,6838.816667,1517806800.0
2/6/18,1331.4,6925.46,1517893200.0
2/7/18,1324.65,8099.958333,1517979600.0
2/8/18,1315.45,8240.536667,1518066000.0
2/9/18,1314.1,8245.08,1518152400.0
2/10/18,1322.3,8319.876566,1518238800.0
2/11/18,1322.3,8343.455,1518325200.0
2/12/18,1322.3,8068.02,1518411600.0
2/13/18,1325.35,8597.7675,1518498000.0
2/14/18,1336.25,9334.633333,1518584400.0
2/15/18,1352.45,9471.64,1518670800.0
2/16/18,1352.1,10127.16167,1518757200.0
2/17/18,1346.6,10841.99167,1518843600.0
2/18/18,1346.6,11085.83,1518930000.0
2/19/18,1346.6,11110.965,1519016400.0
2/20/18,1339.85,11390.39167,1519102800.0
2/21/18,1330.5,11245.98,1519189200.0
2/22/18,1328.35,9931.071667,1519275600.0
2/23/18,1327.95,10162.11667,1519362000.0
2/24/18,1333.5,10171.3,1519448400.0
2/25/18,1333.5,9696.593333,1519534800.0
2/26/18,1333.5,10348.60333,1519621200.0
2/27/18,1325.75,10319.46,1519707600.0
2/28/18,1317.85,10370.165,1519794000.0
3/1/18,1307.75,11009.38167,1519880400.0
3/2/18,1322.3,10931.12,1519966800.0
3/3/18,1320.4,11326.94833,1520053200.0
3/4/18,1320.4,11430.18167,1520139600.0
3/5/18,1320.4,11516.83,1520226000.0
3/6/18,1331.4,10763.19833,1520312400.0
3/7/18,1329.4,10118.058,1520398800.0
3/8/18,1321.0,9920.46,1520485200.0
3/9/18,1320.6,9089.278333,1520571600.0
3/10/18,1319.15,8746.002,1520658000.0
3/11/18,1319.15,8777.37,1520744400.0
3/12/18,1319.15,9182.843333,1520827200.0
3/13/18,1322.75,9154.7,1520913600.0
3/14/18,1323.55,9153.54,1521000000.0
3/15/18,1318.75,8358.121667,1521086400.0
3/16/18,1310.1,8530.402,1521172800.0
3/17/18,1312.4,8297.89,1521259200.0
3/18/18,1312.4,8171.415,1521345600.0
3/19/18,1312.4,8412.033333,1521432000.0
3/20/18,1311.0,8605.64,1521518400.0
3/21/18,1321.35,8947.753333,1521604800.0
3/22/18,1329.15,8690.408333,1521691200.0
3/23/18,1346.6,8725.37,1521777600.0
3/24/18,1352.4,8662.378333,1521864000.0
3/25/18,1352.4,8617.296667,1521950400.0
3/26/18,1352.4,8457.96,1522036800.0
3/27/18,1341.45,7876.195,1522123200.0
3/28/18,1332.45,7960.38,1522209600.0
3/29/18,1323.85,7950.61,1522296000.0
3/30/18,1333.45,6882.531667,1522382400.0
3/31/18,1333.45,6935.48,1522468800.0
4/1/18,1333.45,6937.56,1522555200.0
4/2/18,1333.45,7035.848333,1522641600.0
4/3/18,1333.45,7410.435,1522728000.0
4/4/18,1337.3,7426.48,1522814400.0
4/5/18,1327.7,6826.51,1522900800.0
4/6/18,1331.2,6603.876667,1522987200.0
4/7/18,1331.95,6634.68,1523073600.0
4/8/18,1331.95,7017.656667,1523160000.0
4/9/18,1331.95,6699.273333,1523246400.0
4/10/18,1338.95,6784.41,1523332800.0
4/11/18,1350.75,6926.266667,1523419200.0
4/12/18,1341.35,7847.845,1523505600.0
4/13/18,1343.7,7941.46,1523592000.0
4/14/18,1349.35,8036.511051,1523678400.0
4/15/18,1349.35,8340.748333,1523764800.0
4/16/18,1349.35,8368.1,1523851200.0
4/17/18,1342.1,7895.416926,1523937600.0
4/18/18,1351.45,8164.937426,1524024000.0
4/19/18,1348.6,8175.96,1524110400.0
4/20/18,1336.75,8852.718333,1524196800.0
4/21/18,1324.3,8807.205,1524283200.0
4/22/18,1324.3,8930.6,1524369600.0
4/23/18,1324.3,8933.861667,1524456000.0
4/24/18,1328.85,9555.542,1524542400.0
4/25/18,1321.65,9658.11,1524628800.0
4/26/18,1320.7,9258.398333,1524715200.0
4/27/18,1321.5,9010.32,1524801600.0
4/28/18,1313.2,8928.55,1524888000.0
4/29/18,1313.2,9334.281667,1524974400.0
4/30/18,1313.2,9259.57,1525060800.0
5/1/18,1307.1,9239.55,1525147200.0
5/2/18,1304.2,9221.426,1525233600.0
5/3/18,1315.05,9639.268333,1525320000.0
5/4/18,1309.4,9753.35,1525406400.0
5/5/18,1306.6,9803.306667,1525492800.0
5/6/18,1306.6,9630.136277,1525579200.0
5/7/18,1306.6,9631.44,1525665600.0
5/8/18,1306.6,9228.608333,1525752000.0
5/9/18,1313.85,9322.041667,1525838400.0
5/10/18,1318.8,9310.37,1525924800.0
5/11/18,1324.35,8468.788,1526011200.0
5/12/18,1319.85,8484.346667,1526097600.0
5/13/18,1319.85,8463.52,1526184000.0
5/14/18,1319.85,8652.038333,1526270400.0
5/15/18,1295.0,8511.458,1526356800.0
5/16/18,1291.25,8471.06,1526443200.0
5/17/18,1289.5,8106.118333,1526529600.0
5/18/18,1288.3,8240.055,1526616000.0
5/19/18,1288.35,8239.08,1526702400.0
5/20/18,1288.35,8507.406667,1526788800.0
5/21/18,1288.35,8385.556187,1526875200.0
5/22/18,1293.05,8396.63,1526961600.0
5/23/18,1289.0,7555.74,1527048000.0
5/24/18,1304.85,7566.193333,1527134400.0
5/25/18,1303.5,7576.78,1527220800.0
5/26/18,1295.5,7342.908333,1527307200.0
5/27/18,1295.5,7361.831667,1527393600.0
5/28/18,1295.5,7344.56,1527480000.0
5/29/18,1295.5,7459.876667,1527566400.0
5/30/18,1300.7,7385.395,1527652800.0
5/31/18,1305.35,7386.72,1527739200.0
6/1/18,1294.6,7535.146667,1527825600.0
6/2/18,1295.45,7645.146667,1527912000.0
6/3/18,1295.45,7637.14,1527998400.0
6/4/18,1295.45,7500.273333,1528084800.0
6/5/18,1292.05,7615.722142,1528171200.0
6/6/18,1300.1,7619.43,1528257600.0
6/7/18,1297.25,7676.271667,1528344000.0
6/8/18,1298.25,7620.153333,1528430400.0
6/9/18,1299.6,7615.54,1528516800.0
6/10/18,1299.6,6776.888333,1528603200.0
6/11/18,1299.6,6875.678333,1528689600.0
6/12/18,1298.65,6879.31,1528776000.0
6/13/18,1296.15,6315.7,1528862400.0
6/14/18,1302.75,6647.013333,1528948800.0
6/15/18,1285.25,6637.41,1529035200.0
6/16/18,1281.55,6509.426667,1529121600.0
6/17/18,1281.55,6464.411667,1529208000.0
6/18/18,1281.55,6445.79,1529294400.0
6/19/18,1276.15,6737.0,1529380800.0
6/20/18,1274.2,6714.718333,1529467200.0
6/21/18,1266.15,6760.83,1529553600.0
6/22/18,1269.15,6332.573333,1529640000.0
6/23/18,1268.7,6141.605833,1529726400.0
6/24/18,1268.7,6170.46,1529812800.0
6/25/18,1268.7,6211.4475,1529899200.0
6/26/18,1260.3,6218.595,1529985600.0
6/27/18,1254.6,6097.46,1530072000.0
6/28/18,1251.55,6107.896154,1530158400.0
6/29/18,1250.45,5908.7025,1530244800.0
6/30/18,1247.8,6223.28,1530331200.0
7/1/18,1247.8,6374.754167,1530417600.0
7/2/18,1247.8,6466.069167,1530504000.0
7/3/18,1251.75,6626.44,1530590400.0
7/4/18,1255.65,6593.289167,1530676800.0
7/5/18,1255.5,6603.376667,1530763200.0
7/6/18,1255.35,6555.51,1530849600.0
7/7/18,1262.05,6594.281667,1530936000.0
7/8/18,1262.05,6753.559167,1531022400.0
7/9/18,1262.05,6724.04,1531108800.0
7/10/18,1254.0,6510.791667,1531195200.0
7/11/18,1251.4,6377.363333,1531281600.0
7/12/18,1245.9,6403.18,1531368000.0
7/13/18,1241.7,6244.3575,1531454400.0
7/14/18,1241.1,6241.0,1531540800.0
7/15/18,1241.1,6248.84,1531627200.0
7/16/18,1241.1,6514.390833,1531713600.0
7/17/18,1232.8,6869.910833,1531800000.0
7/18/18,1224.5,7321.62,1531886400.0
7/19/18,1217.55,7396.401667,1531972800.0
7/20/18,1228.75,7428.045,1532059200.0
7/21/18,1224.95,7334.99,1532145600.0
7/22/18,1224.95,7451.289167,1532232000.0
7/23/18,1224.95,7689.884167,1532318400.0
7/24/18,1228.35,7715.1,1532404800.0
7/25/18,1231.5,8251.165,1532491200.0
7/26/18,1228.25,8187.324167,1532577600.0
7/27/18,1223.95,7939.81,1532664000.0
7/28/18,1223.8,8182.251667,1532750400.0
7/29/18,1223.8,8206.341667,1532836800.0
7/30/18,1223.8,8220.91,1532923200.0
7/31/18,1220.95,7916.800833,1533009600.0
8/1/18,1219.0,7570.869167,1533096000.0
8/2/18,1215.45,7607.7,1533182400.0
8/3/18,1216.3,7394.499167,1533268800.0
8/4/18,1209.65,7247.769167,1533355200.0
8/5/18,1209.65,7011.28,1533441600.0
8/6/18,1209.65,6988.079167,1533528000.0
8/7/18,1212.35,6993.513333,1533614400.0
8/8/18,1209.55,6718.23,1533700800.0
8/9/18,1214.35,6396.7725,1533787200.0
8/10/18,1214.4,6396.494667,1533873600.0
8/11/18,1200.35,6138.96,1533960000.0
8/12/18,1200.35,6311.131667,1534046400.0
8/13/18,1200.35,6347.07,1534132800.0
8/14/18,1197.0,6252.13,1534219200.0
8/15/18,1182.0,6362.676923,1534305600.0
8/16/18,1180.4,6342.629231,1534392000.0
8/17/18,1178.4,6312.75,1534478400.0
8/18/18,1184.35,6436.720833,1534564800.0
8/19/18,1184.35,6404.063333,1534651200.0
8/20/18,1184.35,6486.58,1534737600.0
8/21/18,1190.95,6401.246154,1534824000.0
8/22/18,1196.65,6575.229167,1534910400.0
8/23/18,1192.35,6354.57,1534996800.0
8/24/18,1197.7,6543.645714,1535083200.0
8/25/18,1212.25,6719.429231,1535169600.0
8/26/18,1212.25,6738.27,1535256000.0
8/27/18,1212.25,6719.266154,1535342400.0
8/28/18,1212.25,7000.04,1535428800.0
8/29/18,1204.2,7078.19,1535515200.0
8/30/18,1197.3,6932.6625,1535601600.0
8/31/18,1202.45,6981.946154,1535688000.0
9/1/18,1200.05,7018.78,1535774400.0
9/2/18,1200.05,7247.935385,1535860800.0
9/3/18,1200.05,7260.949231,1535947200.0
9/4/18,1190.85,7265.08,1536033600.0
9/5/18,1196.7,7113.069231,1536120000.0
9/6/18,1205.15,6433.271667,1536206400.0
9/7/18,1198.9,6501.19,1536292800.0
9/8/18,1196.6,6366.1075,1536379200.0
9/9/18,1196.6,6286.425833,1536465600.0
9/10/18,1196.6,6240.98,1536552000.0
9/11/18,1189.85,6296.320833,1536638400.0
9/12/18,1195.6,6273.1375,1536724800.0
9/13/18,1209.8,6326.04,1536811200.0
9/14/18,1201.95,6499.0625,1536897600.0
9/15/18,1201.9,6518.655,1536984000.0
9/16/18,1201.9,6522.39,1537070400.0
9/17/18,1201.9,6400.600833,1537156800.0
9/18/18,1200.2,6296.631667,1537243200.0
9/19/18,1203.3,6342.39,1537329600.0
9/20/18,1208.35,6418.562667,1537416000.0
9/21/18,1198.7,6669.990833,1537502400.0
9/22/18,1202.75,6756.12,1537588800.0
9/23/18,1202.75,6710.445,1537675200.0
9/24/18,1202.75,6639.304167,1537761600.0
9/25/18,1201.9,6583.45,1537848000.0
9/26/18,1194.25,6468.631667,1537934400.0
9/27/18,1185.4,6535.476667,1538020800.0
9/28/18,1187.25,6686.08,1538107200.0
9/29/18,1189.35,6550.474167,1538193600.0
9/30/18,1189.35,6593.135,1538280000.0
10/1/18,1189.35,6611.02,1538366400.0
10/2/18,1204.7,6562.641667,1538452800.0
10/3/18,1201.2,6470.4025,1538539200.0
10/4/18,1203.45,6483.73,1538625600.0
10/5/18,1203.8,6568.549167,1538712000.0
10/6/18,1186.95,6581.486667,1538798400.0
10/7/18,1186.95,6573.62,1538884800.0
10/8/18,1186.95,6618.567692,1538971200.0
10/9/18,1185.55,6621.711667,1539057600.0
10/10/18,1188.6,6626.85,1539144000.0
10/11/18,1205.55,6248.635833,1539230400.0
10/12/18,1219.75,6260.530833,1539316800.0
10/13/18,1229.95,6247.0,1539403200.0
10/14/18,1229.95,6299.399167,1539489600.0
10/15/18,1229.95,6452.571667,1539576000.0
10/16/18,1230.7,6599.17,1539662400.0
10/17/18,1229.05,6596.276154,1539748800.0
10/18/18,1223.0,6568.040769,1539835200.0
10/19/18,1227.85,6509.61,1539921600.0
10/20/18,1222.3,6488.825833,1540008000.0
10/21/18,1222.3,6531.601667,1540094400.0
10/22/18,1222.3,6504.78,1540180800.0
10/23/18,1235.95,6481.426,1540267200.0
10/24/18,1230.55,6508.31,1540353600.0
10/25/18,1230.8,6489.77,1540440000.0
10/26/18,1233.85,6473.753333,1540526400.0
10/27/18,1230.8,6465.9175,1540612800.0
10/28/18,1230.8,6457.21,1540699200.0
10/29/18,1230.8,6382.668333,1540785600.0
10/30/18,1225.4,6309.452857,1540872000.0
10/31/18,1214.95,6301.61,1540958400.0
11/1/18,1231.15,6342.280833,1541044800.0
11/2/18,1232.1,6387.674167,1541131200.0
11/3/18,1232.25,6390.42,1541217600.0
11/4/18,1232.25,6391.873333,1541304000.0
11/5/18,1232.25,6436.965,1541394000.0
11/6/18,1231.6,6437.76,1541480400.0
11/7/18,1229.95,6538.79,1541566800.0
11/8/18,1224.15,6486.251667,1541653200.0
11/9/18,1211.4,6444.97,1541739600.0
11/10/18,1205.55,6399.033333,1541826000.0
11/11/18,1205.55,6378.268333,1541912400.0
11/12/18,1205.55,6408.53,1541998800.0
11/13/18,1202.1,6372.063333,1542085200.0
11/14/18,1203.25,6176.155,1542171600.0
11/15/18,1211.85,5756.77,1542258000.0
11/16/18,1222.4,5596.1925,1542344400.0
11/17/18,1221.6,5558.243333,1542430800.0
11/18/18,1221.6,5572.44,1542517200.0
11/19/18,1221.6,5303.9425,1542603600.0
11/20/18,1223.0,4671.97,1542690000.0
11/21/18,1226.1,4491.98,1542776400.0
11/22/18,1227.05,4548.7975,1542862800.0
11/23/18,1223.65,4309.3375,1542949200.0
11/24/18,1223.4,4352.98,1543035600.0
11/25/18,1223.4,3823.511667,1543122000.0
11/26/18,1223.4,3920.536667,1543208400.0
11/27/18,1221.2,3793.35,1543294800.0
11/28/18,1213.25,4103.453846,1543381200.0
11/29/18,1226.25,4263.783333,1543467600.0
11/30/18,1217.55,4278.77,1543554000.0
12/1/18,1230.3,4116.7775,1543640400.0
12/2/18,1230.3,4167.546667,1543726800.0
12/3/18,1230.3,4140.6,1543813200.0
12/4/18,1240.3,3961.493333,1543899600.0
12/5/18,1235.9,3858.349167,1543986000.0
12/6/18,1242.55,3744.98,1544072400.0
12/7/18,1243.3,3405.643333,1544158800.0
12/8/18,1245.35,3435.34,1544245200.0
12/9/18,1245.35,3453.66,1544331600.0
12/10/18,1245.35,3523.96,1544418000.0
12/11/18,1245.3,3426.19,1544504400.0
12/12/18,1245.75,3407.28,1544590800.0
12/13/18,1242.75,3406.7625,1544677200.0
12/14/18,1235.35,3278.374167,1544763600.0
12/15/18,1241.65,3242.42,1544850000.0
12/16/18,1241.65,3271.238333,1544936400.0
12/17/18,1241.65,3392.405,1545022800.0
12/18/18,1246.3,3556.54,1545109200.0
12/19/18,1255.0,3808.0425,1545195600.0
12/20/18,1259.75,3982.850833,1545282000.0
12/21/18,1258.15,4135.19,1545368400.0
12/22/18,1258.15,3910.973333,1545454800.0
12/23/18,1258.15,4027.478333,1545541200.0
12/24/18,1258.15,3995.17,1545627600.0
12/25/18,1268.0,3813.88,1545714000.0
12/26/18,1268.0,3825.379167,1545800400.0
12/27/18,1268.0,3848.21,1545886800.0
12/28/18,1279.0,3743.905,1545973200.0
12/29/18,1279.0,3912.285833,1546059600.0
12/30/18,1279.0,3770.36,1546146000.0
12/31/18,1279.0,3791.545833,1546232400.0
1/1/19,1282.9,3752.271667,1546318800.0
1/2/19,1282.9,3855.88,1546405200.0
1/3/19,1290.45,3865.7975,1546491600.0
1/4/19,1279.9,3822.626667,1546578000.0
1/5/19,1292.2,3856.62,1546664400.0
1/6/19,1292.2,3920.456667,1546750800.0
1/7/19,1292.2,4036.093333,1546837200.0
1/8/19,1286.45,4032.25,1546923600.0
1/9/19,1288.6,4034.138333,1547010000.0
1/10/19,1291.9,3812.585833,1547096400.0
1/11/19,1288.95,3646.25,1547182800.0
1/12/19,1292.75,3646.345833,1547269200.0
1/13/19,1292.75,3599.841667,1547355600.0
1/14/19,1292.75,3531.96,1547442000.0
1/15/19,1294.4,3656.785,1547528400.0
1/16/19,1292.3,3621.270833,1547614800.0
1/17/19,1290.7,3621.43,1547701200.0
1/18/19,1284.2,3632.395,1547787600.0
1/19/19,1279.55,3690.523333,1547874000.0
1/20/19,1279.55,3703.98,1547960400.0
1/21/19,1279.55,3548.4275,1548046800.0
1/22/19,1282.1,3540.02,1548133200.0
1/23/19,1279.8,3587.35,1548219600.0
1/24/19,1283.7,3566.4,1548306000.0
1/25/19,1293.9,3586.25,1548392400.0
1/26/19,1302.15,3577.79,1548478800.0
1/27/19,1302.15,3576.3,1548565200.0
1/28/19,1302.15,3554.5,1548651600.0
1/29/19,1307.55,3448.58,1548738000.0
1/30/19,1310.7,3421.6,1548824400.0
1/31/19,1323.25,3470.0,1548910800.0
2/1/19,1318.7,3444.81,1548997200.0
2/2/19,1312.15,3475.33,1549083600.0
2/3/19,1312.15,3506.22,1549170000.0
2/4/19,1312.15,3456.02,1549256400.0
2/5/19,1314.2,3452.35,1549342800.0
2/6/19,1312.4,3467.34,1549429200.0
2/7/19,1310.0,3405.7,1549515600.0
2/8/19,1314.85,3394.76,1549602000.0
2/9/19,1306.4,3661.08,1549688400.0
2/10/19,1306.4,3664.38,1549774800.0
2/11/19,1306.4,3686.29,1549861200.0
2/12/19,1310.0,3629.47,1549947600.0
2/13/19,1312.8,3632.42,1550034000.0
2/14/19,1311.45,3614.5,1550120400.0
2/15/19,1316.55,3600.31,1550206800.0
2/16/19,1325.5,3608.2,1550293200.0
2/17/19,1325.5,3619.55,1550379600.0
2/18/19,1325.5,3670.74,1550466000.0
2/19/19,1334.15,3910.8,1550552400.0
2/20/19,1343.75,3926.53,1550638800.0
2/21/19,1331.25,3987.18,1550725200.0
2/22/19,1329.05,3944.88,1550811600.0
2/23/19,1331.05,3983.48,1550898000.0
2/24/19,1331.05,4139.6,1550984400.0
2/25/19,1331.05,3766.89,1551070800.0
2/26/19,1325.05,3848.33,1551157200.0
2/27/19,1322.85,3831.45,1551243600.0
2/28/19,1319.15,3833.23,1551330000.0
3/1/19,1311.95,3850.08,1551416400.0
3/2/19,1285.4,3834.62,1551502800.0
3/3/19,1285.4,3831.44,1551589200.0
3/4/19,1285.4,3814.58,1551675600.0
3/5/19,1283.8,3730.98,1551762000.0
3/6/19,1285.85,3872.25,1551848400.0
3/7/19,1285.3,3876.85,1551934800.0
3/8/19,1296.75,3886.82,1552021200.0
3/9/19,1292.75,3875.96,1552107600.0
3/10/19,1292.75,3950.56,1552194000.0
3/11/19,1292.75,3928.17,1552276800.0
3/12/19,1297.05,3881.09,1552363200.0
3/13/19,1306.95,3892.51,1552449600.0
3/14/19,1295.55,3877.77,1552536000.0
3/15/19,1303.5,3885.21,1552622400.0
3/16/19,1305.6,3936.5,1552708800.0
3/17/19,1305.6,4015.95,1552795200.0
3/18/19,1305.6,3994.92,1552881600.0
3/19/19,1307.7,3998.77,1552968000.0
3/20/19,1303.7,4029.11,1553054400.0
3/21/19,1309.6,4056.4,1553140800.0
3/22/19,1311.3,3992.34,1553227200.0
3/23/19,1319.55,3999.06,1553313600.0
3/24/19,1319.55,4011.92,1553400000.0
3/25/19,1319.55,3994.11,1553486400.0
3/26/19,1316.3,3935.89,1553572800.0
3/27/19,1309.7,3947.74,1553659200.0
3/28/19,1295.15,4048.51,1553745600.0
3/29/19,1295.4,4037.37,1553832000.0
3/30/19,1293.5,4115.55,1553918400.0
3/31/19,1293.5,4114.44,1554004800.0
4/1/19,1293.5,4114.16,1554091200.0
4/2/19,1290.3,4152.53,1554177600.0
4/3/19,1290.45,4882.88,1554264000.0
4/4/19,1283.15,4959.81,1554350400.0
4/5/19,1288.45,4911.24,1554436800.0
4/6/19,1300.0,5028.77,1554523200.0
4/7/19,1300.0,5053.52,1554609600.0
4/8/19,1300.0,5189.39,1554696000.0
4/9/19,1303.0,5268.71,1554782400.0
4/10/19,1305.45,5175.81,1554868800.0
4/11/19,1298.8,5310.18,1554955200.0
4/12/19,1294.3,5035.02,1555041600.0
4/13/19,1285.65,5072.85,1555128000.0
4/14/19,1285.65,5064.62,1555214400.0
4/15/19,1285.65,5152.51,1555300800.0
4/16/19,1276.35,5036.18,1555387200.0
4/17/19,1275.85,5196.65,1555473600.0
4/18/19,1275.7,5220.37,1555560000.0
4/19/19,1269.5,5276.31,1555646400.0
4/20/19,1269.5,5277.04,1555732800.0
4/21/19,1269.5,5309.28,1555819200.0
4/22/19,1269.5,5281.83,1555905600.0
4/23/19,1269.5,5377.19,1555992000.0
4/24/19,1271.65,5518.16,1556078400.0
4/25/19,1280.8,5434.19,1556164800.0
4/26/19,1284.2,5195.61,1556251200.0
4/27/19,1279.5,5292.83,1556337600.0
4/28/19,1279.5,5280.19,1556424000.0
4/29/19,1279.5,5301.29,1556510400.0
4/30/19,1282.3,5260.65,1556596800.0
5/1/19,1283.8,5269.79,1556683200.0
5/2/19,1270.95,5326.67,1556769600.0
5/3/19,1278.55,5390.16,1556856000.0
5/4/19,1281.2,5657.14,1556942400.0
5/5/19,1281.2,5771.08,1557028800.0
5/6/19,1281.2,5717.66,1557115200.0
5/7/19,1281.2,5684.47,1557201600.0
5/8/19,1285.2,5755.72,1557288000.0
5/9/19,1286.1,5936.72,1557374400.0
5/10/19,1287.1,6146.91,1557460800.0
5/11/19,1295.6,6348.02,1557547200.0
5/12/19,1295.6,7248.31,1557633600.0
5/13/19,1295.6,6978.63,1557720000.0
5/14/19,1298.4,7823.11,1557806400.0
5/15/19,1299.1,7992.69,1557892800.0
5/16/19,1291.7,8206.9,1557979200.0
5/17/19,1280.8,7885.96,1558065600.0
5/18/19,1276.85,7362.22,1558152000.0
5/19/19,1276.85,7265.05,1558238400.0
5/20/19,1276.85,8193.7,1558324800.0
5/21/19,1271.15,8007.03,1558411200.0
5/22/19,1273.8,7952.5,1558497600.0
5/23/19,1283.65,7625.93,1558584000.0
5/24/19,1282.5,7880.29,1558670400.0
5/25/19,1278.3,8003.26,1558756800.0
5/26/19,1278.3,8071.45,1558843200.0
5/27/19,1278.3,8744.42,1558929600.0
5/28/19,1278.3,8770.06,1559016000.0
5/29/19,1281.65,8719.88,1559102400.0
5/30/19,1280.95,8662.98,1559188800.0
5/31/19,1295.55,8272.46,1559275200.0
6/1/19,1317.1,8553.81,1559361600.0
6/2/19,1317.1,8554.8,1559448000.0
6/3/19,1317.1,8739.03,1559534400.0
6/4/19,1324.25,8134.92,1559620800.0
6/5/19,1335.05,7675.8,1559707200.0
6/6/19,1335.5,7786.04,1559793600.0
6/7/19,1340.65,7803.23,1559880000.0
6/8/19,1328.6,7998.29,1559966400.0
6/9/19,1328.6,7931.34,1560052800.0
6/10/19,1328.6,7640.61,1560139200.0
6/11/19,1324.3,8020.38,1560225600.0
6/12/19,1332.35,7917.58,1560312000.0
6/13/19,1335.9,8173.06,1560398400.0
6/14/19,1351.25,8237.88,1560484800.0
6/15/19,1341.3,8693.6,1560571200.0
6/16/19,1341.3,8859.47,1560657600.0
6/17/19,1341.3,8978.99,1560744000.0
6/18/19,1341.35,9327.48,1560830400.0
6/19/19,1344.05,9076.18,1560916800.0
6/20/19,1379.5,9281.7,1561003200.0
6/21/19,1397.15,9531.35,1561089600.0
6/22/19,1405.7,10209.38,1561176000.0
6/23/19,1405.7,10668.63,1561262400.0
6/24/19,1405.7,10814.48,1561348800.0
6/25/19,1431.4,11017.5,1561435200.0
6/26/19,1403.95,11766.4,1561521600.0
6/27/19,1402.5,12932.55,1561608000.0
6/28/19,1409.0,11132.85,1561694400.0
6/29/19,1390.1,12374.35,1561780800.0
6/30/19,1390.1,11890.38,1561867200.0
7/1/19,1390.1,10737.73,1561953600.0
7/2/19,1391.05,10578.72,1562040000.0
7/3/19,1413.5,10805.4,1562126400.0
7/4/19,1414.9,11984.76,1562212800.0
7/5/19,1388.65,11160.49,1562299200.0
7/6/19,1400.1,10955.16,1562385600.0
7/7/19,1400.1,11232.04,1562472000.0
7/8/19,1400.1,11477.01,1562558400.0
7/9/19,1391.55,12313.08,1562644800.0
7/10/19,1408.3,12586.78,1562731200.0
7/11/19,1413.75,12099.9,1562817600.0
7/12/19,1407.6,11352.87,1562904000.0
7/13/19,1412.4,11803.97,1562990400.0
7/14/19,1412.4,11389.1,1563076800.0
7/15/19,1412.4,10186.96,1563163200.0
7/16/19,1409.85,10873.5,1563249600.0
7/17/19,1410.35,9397.72,1563336000.0
7/18/19,1417.45,9674.28,1563422400.0
7/19/19,1439.7,10638.56,1563508800.0
7/20/19,1427.75,10535.75,1563595200.0
7/21/19,1427.75,10764.9,1563681600.0
7/22/19,1427.75,10587.41,1563768000.0
7/23/19,1425.55,10323.62,1563854400.0
7/24/19,1426.95,9844.3,1563940800.0
7/25/19,1416.1,9772.17,1564027200.0
7/26/19,1420.4,9875.17,1564113600.0
7/27/19,1419.05,9848.65,1564200000.0
7/28/19,1419.05,9473.99,1564286400.0
7/29/19,1419.05,9530.0,1564372800.0
7/30/19,1425.9,9501.33,1564459200.0
7/31/19,1427.55,9589.13,1564545600.0
8/1/19,1406.8,10084.7,1564632000.0
8/2/19,1441.75,10407.17,1564718400.0
8/3/19,1465.25,10529.55,1564804800.0
8/4/19,1465.25,10814.57,1564891200.0
8/5/19,1465.25,10980.23,1564977600.0
8/6/19,1465.25,11787.99,1565064000.0
8/7/19,1506.05,11465.67,1565150400.0
8/8/19,1495.75,11960.82,1565236800.0
8/9/19,1497.7,11996.41,1565323200.0
8/10/19,1504.7,11856.64,1565409600.0
8/11/19,1504.7,11282.22,1565496000.0
8/12/19,1504.7,11566.84,1565582400.0
8/13/19,1498.4,11386.26,1565668800.0
8/14/19,1513.25,10858.12,1565755200.0
8/15/19,1515.65,10016.96,1565841600.0
8/16/19,1515.25,10302.17,1565928000.0
8/17/19,1496.6,10359.44,1566014400.0
8/18/19,1496.6,10214.52,1566100800.0
8/19/19,1496.6,10317.6,1566187200.0
8/20/19,1504.55,10917.26,1566273600.0
8/21/19,1503.25,10760.56,1566360000.0
8/22/19,1502.05,10129.4,1566446400.0
8/23/19,1503.8,10111.98,1566532800.0
8/24/19,1532.95,10405.81,1566619200.0
8/25/19,1532.95,10143.8,1566705600.0
8/26/19,1532.95,10135.06,1566792000.0
8/27/19,1532.95,10360.28,1566878400.0
8/28/19,1537.15,10171.95,1566964800.0
8/29/19,1540.2,9717.82,1567051200.0
8/30/19,1528.4,9484.55,1567137600.0
8/31/19,1525.95,9577.99,1567224000.0
9/1/19,1525.95,9600.9,1567310400.0
9/2/19,1525.95,9769.79,1567396800.0
9/3/19,1537.85,10386.64,1567483200.0
9/4/19,1546.1,10621.29,1567569600.0
9/5/19,1529.1,10584.16,1567656000.0
9/6/19,1523.7,10577.8,1567742400.0
9/7/19,1509.2,10317.47,1567828800.0
9/8/19,1509.2,10487.21,1567915200.0
9/9/19,1509.2,10406.31,1568001600.0
9/10/19,1498.25,10313.66,1568088000.0
9/11/19,1490.65,10101.03,1568174400.0
9/12/19,1515.2,10159.32,1568260800.0
9/13/19,1503.1,10420.16,1568347200.0
9/14/19,1497.2,10363.9,1568433600.0
9/15/19,1497.2,10361.33,1568520000.0
9/16/19,1497.2,10310.43,1568606400.0
9/17/19,1502.1,10265.63,1568692800.0
9/18/19,1503.5,10190.36,1568779200.0
9/19/19,1500.7,10157.59,1568865600.0
9/20/19,1501.9,10275.88,1568952000.0
9/21/19,1522.1,10173.11,1569038400.0
9/22/19,1522.1,9979.49,1569124800.0
9/23/19,1522.1,10033.05,1569211200.0
9/24/19,1520.65,9683.38,1569297600.0
9/25/19,1528.75,8553.61,1569384000.0
9/26/19,1506.4,8432.23,1569470400.0
9/27/19,1489.9,8055.64,1569556800.0
9/28/19,1485.3,8193.9,1569643200.0
9/29/19,1485.3,8225.0,1569729600.0
9/30/19,1485.3,8056.74,1569816000.0
10/1/19,1473.45,8307.74,1569902400.0
10/2/19,1492.6,8322.92,1569988800.0
10/3/19,1517.1,8382.03,1570075200.0
10/4/19,1499.15,8236.17,1570161600.0
10/5/19,1501.25,8155.48,1570248000.0
10/6/19,1501.25,8147.69,1570334400.0
10/7/19,1501.25,7869.74,1570420800.0
10/8/19,1505.85,8212.02,1570507200.0
10/9/19,1507.25,8190.0,1570593600.0
10/10/19,1494.8,8587.92,1570680000.0
10/11/19,1479.15,8586.9,1570766400.0
10/12/19,1490.6,8269.73,1570852800.0
10/13/19,1490.6,8308.01,1570939200.0
10/14/19,1490.6,8283.76,1571025600.0
10/15/19,1487.8,8353.54,1571112000.0
10/16/19,1485.1,8162.16,1571198400.0
10/17/19,1492.65,8002.51,1571284800.0
10/18/19,1490.0,8076.78,1571371200.0
10/19/19,1491.65,7954.15,1571457600.0
10/20/19,1491.65,7960.04,1571544000.0
10/21/19,1491.65,8231.06,1571630400.0
10/22/19,1485.35,8222.52,1571716800.0
10/23/19,1494.45,8026.76,1571803200.0
10/24/19,1496.55,7469.56,1571889600.0
10/25/19,1513.45,7431.88,1571976000.0
10/26/19,1492.4,8666.79,1572062400.0
10/27/19,1492.4,9259.8,1572148800.0
10/28/19,1492.4,9551.54,1572235200.0
10/29/19,1486.75,9218.76,1572321600.0
10/30/19,1492.1,9433.35,1572408000.0
10/31/19,1510.95,9164.62,1572494400.0
11/1/19,1508.8,9147.98,1572580800.0
11/2/19,1509.45,9252.99,1572667200.0
11/3/19,1509.45,9301.18,1572753600.0
11/4/19,1509.45,9206.16,1572843600.0
11/5/19,1488.95,9418.05,1572930000.0
11/6/19,1486.05,9310.19,1573016400.0
11/7/19,1484.25,9343.34,1573102800.0
11/8/19,1464.15,9204.24,1573189200.0
11/9/19,1458.7,8766.04,1573275600.0
11/10/19,1458.7,8809.41,1573362000.0
11/11/19,1458.7,9037.12,1573448400.0
11/12/19,1452.05,8717.81,1573534800.0
11/13/19,1462.9,8801.52,1573621200.0
11/14/19,1466.65,8762.42,1573707600.0
11/15/19,1466.9,8632.32,1573794000.0
11/16/19,1467.65,8457.69,1573880400.0
11/17/19,1467.65,8482.7,1573966800.0
11/18/19,1467.65,8503.93,1574053200.0
11/19/19,1468.45,8175.99,1574139600.0
11/20/19,1471.7,8120.8,1574226000.0
11/21/19,1467.05,8081.81,1574312400.0
11/22/19,1464.45,7617.07,1574398800.0
11/23/19,1458.4,7286.35,1574485200.0
11/24/19,1458.4,7324.03,1574571600.0
11/25/19,1458.4,6907.4,1574658000.0
11/26/19,1454.65,7130.25,1574744400.0
11/27/19,1454.35,7163.63,1574830800.0
11/28/19,1454.65,7523.83,1574917200.0
11/29/19,1460.15,7431.0,1575003600.0
11/30/19,1461.15,7757.47,1575090000.0
12/1/19,1461.15,7557.72,1575176400.0
12/2/19,1461.15,7402.69,1575262800.0
12/3/19,1477.3,7309.59,1575349200.0
12/4/19,1475.1,7296.77,1575435600.0
12/5/19,1475.95,7192.85,1575522000.0
12/6/19,1459.65,7395.97,1575608400.0
12/7/19,1461.7,7547.19,1575694800.0
12/8/19,1461.7,7504.83,1575781200.0
12/9/19,1461.7,7522.39,1575867600.0
12/10/19,1464.95,7337.42,1575954000.0
12/11/19,1466.8,7220.76,1576040400.0
12/12/19,1467.8,7202.31,1576126800.0
12/13/19,1466.6,7189.16,1576213200.0
12/14/19,1477.9,7251.87,1576299600.0
12/15/19,1477.9,7067.74,1576386000.0
12/16/19,1477.9,7111.14,1576472400.0
12/17/19,1475.8,6879.54,1576558800.0
12/18/19,1474.05,6612.12,1576645200.0
12/19/19,1476.7,7284.29,1576731600.0
12/20/19,1479.0,7150.86,1576818000.0
12/21/19,1482.1,7190.17,1576904400.0
12/22/19,1482.1,7143.2,1576990800.0
12/23/19,1482.1,7514.41,1577077200.0
12/24/19,1482.1,7322.08,1577163600.0
12/25/19,1511.5,7250.69,1577250000.0
12/26/19,1511.5,7192.72,1577336400.0
12/27/19,1511.5,7194.4,1577422800.0
12/28/19,1514.75,7243.93,1577509200.0
12/29/19,1514.75,7301.07,1577595600.0
12/30/19,1514.75,7385.36,1577682000.0
12/31/19,1514.75,7219.6,1577768400.0
1/1/20,1527.1,7168.31,1577854800.0
1/2/20,1527.1,7175.68,1577941200.0
1/3/20,1548.75,6944.33,1578027600.0
1/4/20,1573.1,7326.35,1578114000.0
1/5/20,1573.1,7347.89,1578200400.0
1/6/20,1573.1,7351.57,1578286800.0
1/7/20,1567.85,7759.24,1578373200.0
1/8/20,1571.95,8165.47,1578459600.0
1/9/20,1550.75,8042.65,1578546000.0
1/10/20,1553.6,7817.92,1578632400.0
1/11/20,1549.9,8184.66,1578718800.0
1/12/20,1549.9,8021.49,1578805200.0
1/13/20,1549.9,8173.97,1578891600.0
1/14/20,1545.1,8105.24,1578978000.0
1/15/20,1549.0,8842.42,1579064400.0
1/16/20,1554.55,8813.89,1579150800.0
1/17/20,1557.6,8722.03,1579237200.0
1/18/20,1560.15,8900.34,1579323600.0
1/19/20,1560.15,8910.85,1579410000.0
1/20/20,1560.15,8703.36,1579496400.0
1/21/20,1551.3,8626.47,1579582800.0
1/22/20,1556.9,8722.26,1579669200.0
1/23/20,1562.9,8658.94,1579755600.0
1/24/20,1564.3,8388.11,1579842000.0
1/25/20,1580.1,8428.17,1579928400.0
1/26/20,1580.1,8327.36,1580014800.0
1/27/20,1580.1,8588.42,1580101200.0
1/28/20,1574.0,8895.78,1580187600.0
1/29/20,1573.45,9385.69,1580274000.0
1/30/20,1578.25,9279.81,1580360400.0
1/31/20,1584.2,9502.37,1580446800.0
2/1/20,1574.75,9333.77,1580533200.0
2/2/20,1574.75,9378.09,1580619600.0
2/3/20,1574.75,9314.56,1580706000.0
2/4/20,1558.35,9162.14,1580792400.0
2/5/20,1553.3,9162.14,1580878800.0
2/6/20,1563.3,9614.9,1580965200.0
2/7/20,1572.65,9755.66,1581051600.0
2/8/20,1573.2,9807.54,1581138000.0
2/9/20,1573.2,9907.12,1581224400.0
2/10/20,1573.2,10162.41,1581310800.0
2/11/20,1570.5,9854.79,1581397200.0
2/12/20,1563.7,10275.38,1581483600.0
2/13/20,1575.05,10354.3,1581570000.0
2/14/20,1581.4,10242.43,1581656400.0
2/15/20,1580.8,10368.53,1581742800.0
2/16/20,1580.8,9904.17,1581829200.0
2/17/20,1580.8,9937.67,1581915600.0
2/18/20,1589.85,9703.93,1582002000.0
2/19/20,1604.2,10180.65,1582088400.0
2/20/20,1619.0,9604.72,1582174800.0
2/21/20,1643.3,9606.86,1582261200.0
2/22/20,1671.65,9696.58,1582347600.0
2/23/20,1671.65,9669.63,1582434000.0
2/24/20,1671.65,9989.39,1582520400.0
2/25/20,1650.3,9663.75,1582606800.0
2/26/20,1634.9,9309.15,1582693200.0
2/27/20,1652.0,8785.52,1582779600.0
2/28/20,1609.85,8804.72,1582866000.0
3/1/20,1599.65,8712.35,1583038800.0
2/29/20,1599.65,8534.17,1582952400.0
3/2/20,1599.65,8912.82,1583125200.0
3/3/20,1615.5,8912.82,1583211600.0
3/4/20,1641.85,8754.34,1583298000.0
3/5/20,1659.6,8758.9,1583384400.0
3/7/20,1683.65,9067.39,1583557200.0
3/8/20,1683.65,9155.89,1583643600.0
3/6/20,1683.65,8898.63,1583470800.0
3/9/20,1672.5,8039.38,1583726400.0
3/10/20,1655.7,7931.94,1583812800.0
3/11/20,1653.75,7885.46,1583899200.0
3/12/20,1570.7,7936.65,1583985600.0
3/14/20,1562.8,4830.21,1584158400.0
3/15/20,1562.8,5609.03,1584244800.0
3/13/20,1562.8,5166.26,1584072000.0
3/16/20,1487.7,5348.44,1584331200.0
3/17/20,1536.2,5026.35,1584417600.0
3/18/20,1498.2,5357.61,1584504000.0
3/19/20,1474.25,5410.23,1584590400.0
3/21/20,1494.4,6195.2,1584763200.0
3/22/20,1494.4,6226.44,1584849600.0
3/20/20,1494.4,6189.85,1584676800.0
3/23/20,1525.4,5822.62,1584936000.0
3/24/20,1605.75,6502.16,1585022400.0
3/25/20,1605.45,6768.49,1585108800.0
3/26/20,1634.8,6698.46,1585195200.0
3/28/20,1617.3,6763.75,1585368000.0
3/29/20,1617.3,6369.09,1585454400.0
3/27/20,1617.3,6260.95,1585281600.0
3/30/20,1618.3,5885.41,1585540800.0
3/31/20,1608.95,6405.29,1585627200.0
4/1/20,1576.55,6428.28,1585713600.0
4/2/20,1616.8,6652.87,1585800000.0
4/4/20,1613.1,6809.11,1585972800.0
4/5/20,1613.1,6741.67,1586059200.0
4/3/20,1613.1,6871.69,1585886400.0
4/6/20,1648.3,6777.44,1586145600.0
4/7/20,1649.25,7343.2,1586232000.0
4/8/20,1647.8,7205.55,1586318400.0
4/10/20,1680.65,7365.03,1586491200.0
4/11/20,1680.65,7293.69,1586577600.0
4/12/20,1680.65,6873.24,1586664000.0
4/13/20,1680.65,6891.6,1586750400.0
4/9/20,1680.65,6915.37,1586404800.0
4/14/20,1741.9,6857.66,1586836800.0
4/15/20,1718.65,6871.95,1586923200.0
4/16/20,1729.5,6623.8,1587009600.0
4/18/20,1692.55,7112.27,1587182400.0
4/19/20,1692.55,7034.89,1587268800.0
4/17/20,1692.55,7259.36,1587096000.0
4/20/20,1686.2,7130.04,1587355200.0
4/21/20,1682.05,6840.24,1587441600.0
4/22/20,1710.55,6852.52,1587528000.0
4/23/20,1736.25,7130.99,1587614400.0
4/25/20,1715.9,7477.6,1587787200.0
4/26/20,1715.9,7507.08,1587873600.0
4/24/20,1715.9,7549.52,1587700800.0
4/27/20,1714.95,7699.27,1587960000.0
4/28/20,1691.55,7790.66,1588046400.0
4/29/20,1703.35,7765.33,1588132800.0
4/30/20,1702.75,8777.63,1588219200.0
5/2/20,1686.25,8628.77,1588392000.0
5/3/20,1686.25,8824.66,1588478400.0
5/1/20,1686.25,8973.82,1588305600.0
5/4/20,1709.1,8903.95,1588564800.0
5/5/20,1699.55,8885.93,1588651200.0
5/6/20,1691.5,9030.96,1588737600.0
5/8/20,1704.05,9170.79,1588910400.0
5/9/20,1704.05,10002.48,1588996800.0
5/10/20,1704.05,9821.8,1589083200.0
5/7/20,1704.05,9527.39,1588824000.0
5/11/20,1702.75,8754.46,1589169600.0
5/12/20,1702.4,8617.25,1589256000.0
5/13/20,1708.4,8814.53,1589342400.0
5/14/20,1731.6,9305.93,1589428800.0
5/16/20,1735.35,9790.31,1589601600.0
5/17/20,1735.35,9303.59,1589688000.0
5/15/20,1735.35,9385.7,1589515200.0
5/18/20,1734.7,9669.4,1589774400.0
5/19/20,1737.95,9719.37,1589860800.0
5/20/20,1748.3,9785.74,1589947200.0
5/21/20,1724.9,9510.67,1590033600.0
5/23/20,1733.55,9057.57,1590206400.0
5/24/20,1733.55,9167.26,1590292800.0
5/25/20,1733.55,9178.32,1590379200.0
5/22/20,1733.55,8730.73,1590120000.0
5/26/20,1720.25,8899.66,1590465600.0
5/27/20,1694.6,8842.85,1590552000.0
5/28/20,1717.35,9197.54,1590638400.0
5/30/20,1728.7,9569.21,1590811200.0
5/31/20,1728.7,9425.98,1590897600.0
5/29/20,1728.7,9698.1,1590724800.0
6/1/20,1730.6,9450.84,1590984000.0
6/2/20,1742.15,10204.23,1591070400.0
6/3/20,1705.35,9525.57,1591156800.0
6/4/20,1700.05,9658.04,1591243200.0
6/6/20,1683.45,9794.56,1591416000.0
6/7/20,1683.45,9623.75,1591502400.0
6/5/20,1683.45,9670.43,1591329600.0
6/8/20,1690.35,9753.85,1591588800.0
6/9/20,1713.5,9782.59,1591675200.0
6/10/20,1722.05,9775.15,1591761600.0
6/11/20,1738.25,9892.13,1591848000.0
6/13/20,1733.5,9286.42,1592020800.0
6/14/20,1733.5,9459.97,1592107200.0
6/12/20,1733.5,9473.5,1591934400.0
6/15/20,1710.45,9330.07,1592193600.0
6/16/20,1719.85,9426.7,1592280000.0
6/17/20,1724.35,9526.0,1592366400.0
6/18/20,1719.5,9454.81,1592452800.0
6/20/20,1734.75,9380.03,1592625600.0
6/21/20,1734.75,9300.15,1592712000.0
6/19/20,1734.75,9357.43,1592539200.0
6/22/20,1761.85,9284.78,1592798400.0
6/23/20,1768.9,9691.9,1592884800.0
6/24/20,1766.05,9621.49,1592971200.0
6/25/20,1756.55,9276.58,1593057600.0
6/27/20,1747.6,9240.85,1593230400.0
6/28/20,1747.6,9154.45,1593316800.0
6/26/20,1747.6,9004.23,1593144000.0
6/29/20,1771.6,9127.47,1593403200.0
6/30/20,1768.1,9185.35,1593489600.0
7/1/20,1771.05,9133.97,1593576000.0
7/2/20,1777.45,9236.38,1593662400.0
7/4/20,1772.9,9087.98,1593835200.0
7/5/20,1772.9,9072.42,1593921600.0
7/3/20,1772.9,9131.31,1593748800.0
7/6/20,1787.9,9089.09,1594008000.0
7/7/20,1789.55,9348.91,1594094400.0
7/8/20,1811.1,9256.23,1594180800.0
7/9/20,1812.1,9440.07,1594267200.0
7/11/20,1803.1,9238.04,1594440000.0
7/12/20,1803.1,9287.4,1594526400.0
7/10/20,1803.1,9235.96,1594353600.0
7/13/20,1807.5,9295.9,1594612800.0
7/14/20,1801.9,9238.13,1594699200.0
7/15/20,1804.6,9254.52,1594785600.0
7/16/20,1807.7,9193.51,1594872000.0
7/18/20,1807.35,9131.0,1595044800.0
7/19/20,1807.35,9154.19,1595131200.0
7/17/20,1807.35,9174.71,1594958400.0
7/20/20,1815.65,9214.66,1595217600.0
7/21/20,1842.55,9163.87,1595304000.0
7/22/20,1852.4,9392.66,1595390400.0
7/23/20,1878.3,9537.4,1595476800.0
7/25/20,1902.1,9613.11,1595649600.0
7/26/20,1902.1,9551.28,1595736000.0
7/24/20,1902.1,9707.5,1595563200.0
7/27/20,1936.65,9938.83,1595822400.0
7/28/20,1940.9,11042.4,1595908800.0
7/29/20,1950.9,10934.94,1595995200.0
7/30/20,1957.65,11102.67,1596081600.0
8/1/20,1964.9,11114.93,1596254400.0
8/2/20,1964.9,11343.88,1596340800.0
7/31/20,1964.9,11823.69,1596168000.0
8/3/20,1958.55,11077.77,1596427200.0
8/4/20,1977.9,11242.57,1596513600.0
8/5/20,2048.15,11194.25,1596600000.0
8/6/20,2067.15,11750.28,1596686400.0
8/8/20,2031.15,11772.94,1596859200.0
8/9/20,2031.15,11605.6,1596945600.0
8/7/20,2031.15,11767.6,1596772800.0
8/10/20,2044.5,11684.06,1597032000.0
8/11/20,1939.65,11893.03,1597118400.0
8/12/20,1931.9,11392.43,1597204800.0
8/13/20,1944.25,11573.11,1597291200.0
8/15/20,1944.75,11777.43,1597464000.0
8/16/20,1944.75,11774.38,1597550400.0
8/14/20,1944.75,11873.98,1597377600.0
8/17/20,1972.85,11914.01,1597636800.0
8/18/20,2008.75,12293.72,1597723200.0
8/19/20,1981.0,11969.53,1597809600.0
8/20/20,1927.15,11734.0,1597896000.0
8/22/20,1924.35,11865.82,1598068800.0
8/23/20,1924.35,11522.8,1598155200.0
8/21/20,1924.35,11683.44,1597982400.0
8/24/20,1943.95,11653.02,1598241600.0
8/25/20,1911.15,11763.93,1598328000.0
8/26/20,1932.95,11337.4,1598414400.0
8/27/20,1923.85,11467.37,1598500800.0
8/29/20,1957.35,11302.01,1598673600.0
8/30/20,1957.35,11534.75,1598760000.0
8/31/20,1957.35,11481.64,1598846400.0
8/28/20,1957.35,11707.78,1598587200.0
9/1/20,1972.35,11659.57,1598932800.0
9/2/20,1947.05,11923.25,1599019200.0
9/3/20,1940.45,11397.44,1599105600.0
9/5/20,1926.3,10187.51,1599278400.0
9/6/20,1926.3,10467.89,1599364800.0
9/4/20,1926.3,10159.62,1599192000.0
9/7/20,1928.45,10254.93,1599451200.0
9/8/20,1910.95,10367.74,1599537600.0
9/9/20,1947.2,10121.52,1599624000.0
9/10/20,1966.25,10227.83,1599710400.0
9/12/20,1947.4,10352.66,1599883200.0
9/13/20,1947.4,10395.44,1599969600.0
9/11/20,1947.4,10446.44,1599796800.0
9/14/20,1958.7,10330.77,1600056000.0
9/15/20,1949.35,10674.64,1600142400.0
9/16/20,1961.8,10785.62,1600228800.0
9/17/20,1936.25,10948.43,1600315200.0
9/19/20,1950.85,10943.89,1600488000.0
9/20/20,1950.85,10931.79,1600574400.0
9/18/20,1950.85,11081.43,1600401600.0
9/21/20,1909.35,10919.65,1600660800.0
9/22/20,1906.0,10430.46,1600747200.0
9/23/20,1873.4,10532.22,1600833600.0
9/24/20,1861.75,10234.48,1600920000.0
9/26/20,1859.7,10732.43,1601092800.0
9/27/20,1859.7,10692.84,1601179200.0
9/25/20,1859.7,10732.4,1601006400.0
9/28/20,1864.3,10774.24,1601265600.0
9/29/20,1883.95,10692.33,1601352000.0
9/30/20,1886.9,10840.8,1601438400.0
10/1/20,1902.0,10777.92,1601524800.0
10/3/20,1903.05,10619.24,1601697600.0
10/4/20,1903.05,10575.06,1601784000.0
10/2/20,1903.05,10551.77,1601611200.0
10/5/20,1909.6,10673.46,1601870400.0
10/6/20,1913.4,10788.56,1601956800.0
10/7/20,1884.5,10603.74,1602043200.0
10/8/20,1887.45,10670.8,1602129600.0
10/10/20,1923.25,10923.3,1602302400.0
10/11/20,1923.25,11063.19,1602388800.0
10/9/20,1923.25,11302.67,1602216000.0
10/12/20,1925.5,11376.61,1602475200.0
10/13/20,1891.3,11540.04,1602561600.0
10/14/20,1910.05,11428.24,1602648000.0
10/15/20,1891.9,11431.32,1602734400.0
10/17/20,1905.05,11503.73,1602907200.0
10/18/20,1905.05,11327.57,1602993600.0
10/16/20,1905.05,11366.51,1602820800.0
10/19/20,1905.6,11508.2,1603080000.0
10/20/20,1898.4,11758.16,1603166400.0
10/21/20,1924.15,11925.46,1603252800.0
10/22/20,1900.95,12831.56,1603339200.0
10/24/20,1903.65,12990.25,1603512000.0
10/25/20,1903.65,12944.52,1603598400.0
10/23/20,1903.65,13128.46,1603425600.0
10/26/20,1898.45,13036.77,1603684800.0
10/27/20,1905.7,13076.37,1603771200.0
10/28/20,1869.95,13651.47,1603857600.0
10/29/20,1870.3,13289.0,1603944000.0
10/31/20,1881.85,13458.66,1604116800.0
11/1/20,1881.85,13564.72,1604203200.0
10/30/20,1881.85,13810.32,1604030400.0
11/2/20,1889.9,13758.88,1604293200.0
11/3/20,1908.3,13575.17,1604379600.0
11/4/20,1900.15,14023.31,1604466000.0
11/5/20,1938.45,14155.59,1604552400.0
11/7/20,1940.8,15591.39,1604725200.0
11/8/20,1940.8,15595.77,1604811600.0
11/6/20,1940.8,14839.84,1604638800.0
11/9/20,1867.3,15490.6,1604898000.0
11/10/20,1878.7,15328.53,1604984400.0
11/11/20,1860.95,15317.04,1605070800.0
11/12/20,1874.85,15708.65,1605157200.0
11/14/20,1890.9,16295.57,1605330000.0
11/15/20,1890.9,16339.33,1605416400.0
11/13/20,1890.9,16091.07,1605243600.0
11/16/20,1885.6,15968.16,1605502800.0
11/17/20,1889.05,16725.15,1605589200.0
11/18/20,1876.1,17679.72,1605675600.0
11/19/20,1857.35,17798.45,1605762000.0
11/21/20,1875.7,17820.57,1605934800.0
11/22/20,1875.7,18687.45,1606021200.0
11/20/20,1875.7,18699.75,1605848400.0
11/23/20,1840.2,18422.28,1606107600.0
11/24/20,1799.6,18398.91,1606194000.0
11/25/20,1810.2,19172.52,1606280400.0
11/26/20,1807.4,18739.8,1606366800.0
11/28/20,1779.3,17151.44,1606539600.0
11/29/20,1779.3,17138.87,1606626000.0
11/27/20,1779.3,17732.42,1606453200.0
11/30/20,1762.55,18191.6,1606712400.0
12/1/20,1810.75,19709.73,1606798800.0
12/2/20,1822.6,18792.52,1606885200.0
12/3/20,1832.35,19226.97,1606971600.0
12/5/20,1843.0,19454.54,1607144400.0
12/6/20,1843.0,18670.49,1607230800.0
12/4/20,1843.0,19155.06,1607058000.0
12/7/20,1859.95,19377.66,1607317200.0
12/8/20,1868.15,19181.41,1607403600.0
12/9/20,1841.75,18318.87,1607490000.0
12/10/20,1844.35,18554.15,1607576400.0
12/12/20,1842.0,18247.76,1607749200.0
12/13/20,1842.0,18029.36,1607835600.0
12/11/20,1842.0,18803.44,1607662800.0
12/14/20,1831.15,19164.48,1607922000.0
12/15/20,1850.65,19276.59,1608008400.0
12/16/20,1851.95,19439.75,1608094800.0
12/17/20,1890.75,21379.48,1608181200.0
12/19/20,1879.75,22847.46,1608354000.0
12/20/20,1879.75,23150.79,1608440400.0
12/18/20,1879.75,23869.92,1608267600.0
12/21/20,1880.0,23490.58,1608526800.0
12/22/20,1877.1,22745.48,1608613200.0
12/23/20,1875.0,23824.99,1608699600.0
12/25/20,1875.0,23253.37,1608872400.0
12/26/20,1875.0,23715.53,1608958800.0
12/27/20,1875.0,24693.58,1609045200.0
12/28/20,1875.0,26443.21,1609131600.0
12/24/20,1875.0,26246.58,1608786000.0
12/29/20,1874.3,27036.69,1609218000.0
12/30/20,1887.6,27376.37,1609304400.0
1/1/21,1887.6,28856.59,1609477200.0
1/2/21,1887.6,28982.56,1609563600.0
1/3/21,1887.6,29393.75,1609650000.0
12/31/20,1887.6,32195.46,1609390800.0
1/4/21,1943.2,33000.78,1609736400.0
1/5/21,1940.35,32035.03,1609822800.0
1/6/21,1931.95,34046.67,1609909200.0
1/7/21,1920.1,36860.41,1609995600.0
1/9/21,1862.9,39486.04,1610168400.0
1/10/21,1862.9,40670.25,1610254800.0
1/8/21,1862.9,40240.72,1610082000.0
1/11/21,1847.25,38240.09,1610341200.0
1/12/21,1841.25,35544.94,1610427600.0
1/13/21,1858.85,34011.82,1610514000.0
1/14/21,1841.75,37393.13,1610600400.0
1/16/21,1839.0,39158.47,1610773200.0
1/17/21,1839.0,36828.52,1610859600.0
1/15/21,1839.0,36065.2,1610686800.0
1/18/21,1833.05,35793.01,1610946000.0
1/19/21,1834.7,36632.35,1611032400.0
1/20/21,1856.6,36020.13,1611118800.0
1/21/21,1862.1,35538.98,1611205200.0
1/23/21,1852.7,30797.88,1611378000.0
1/24/21,1852.7,33002.38,1611464400.0
1/22/21,1852.7,32099.74,1611291600.0
1/25/21,1856.85,32276.84,1611550800.0
1/26/21,1856.6,32243.26,1611637200.0
1/27/21,1843.0,32541.8,1611723600.0
1/28/21,1853.7,30419.17,1611810000.0
1/30/21,1863.8,33403.17,1611982800.0
1/31/21,1863.8,34314.26,1612069200.0
1/29/21,1863.8,34318.1,1611896400.0
2/1/21,1862.95,33136.46,1612155600.0
2/2/21,1833.1,33522.9,1612242000.0
2/3/21,1835.45,35529.66,1612328400.0
2/4/21,1785.9,37676.25,1612414800.0
2/6/21,1802.95,37002.09,1612587600.0
2/7/21,1802.95,38278.61,1612674000.0
2/5/21,1802.95,39323.26,1612501200.0
2/8/21,1835.25,38928.1,1612760400.0
2/9/21,1839.6,46364.3,1612846800.0
2/10/21,1842.65,46589.58,1612933200.0
2/11/21,1840.1,44878.17,1613019600.0
2/13/21,1816.35,48013.38,1613192400.0
2/14/21,1816.35,47471.4,1613278800.0
2/12/21,1816.35,47185.19,1613106000.0
2/15/21,1817.3,48720.37,1613365200.0
2/16/21,1794.25,47951.85,1613451600.0
2/17/21,1780.7,49160.1,1613538000.0
2/18/21,1773.15,52118.23,1613624400.0
2/20/21,1786.2,51608.15,1613797200.0
2/21/21,1786.2,55916.5,1613883600.0
2/19/21,1786.2,56001.2,1613710800.0
2/22/21,1807.45,57487.86,1613970000.0
2/23/21,1799.65,54123.4,1614056400.0
2/24/21,1788.0,48880.43,1614142800.0
2/25/21,1779.65,50624.84,1614229200.0
2/27/21,1742.85,46800.42,1614402000.0
2/28/21,1742.85,46340.31,1614488400.0
2/26/21,1742.85,46155.87,1614315600.0
3/1/21,1734.15,45113.92,1614574800.0
3/2/21,1723.85,49618.43,1614661200.0
3/3/21,1711.4,48356.04,1614747600.0
3/4/21,1712.1,50477.7,1614834000.0
3/6/21,1696.25,48448.91,1615006800.0
3/7/21,1696.25,48861.38,1615093200.0
3/5/21,1696.25,48881.59,1614920400.0
3/8/21,1687.05,51169.7,1615179600.0
3/9/21,1716.9,52299.33,1615266000.0
3/10/21,1716.2,54881.52,1615352400.0
3/11/21,1724.25,55997.23,1615438800.0
3/13/21,1704.8,57764.0,1615611600.0
3/14/21,1704.8,57253.28,1615698000.0
3/12/21,1704.8,61258.73,1615525200.0
3/15/21,1723.65,59133.47,1615780800.0
3/16/21,1735.0,55754.72,1615867200.0
3/17/21,1729.65,56872.38,1615953600.0
3/18/21,1725.9,58913.0,1616040000.0
3/20/21,1735.2,57665.9,1616212800.0
3/21/21,1735.2,58075.1,1616299200.0
3/19/21,1735.2,58085.8,1616126400.0
3/22/21,1736.15,57411.17,1616385600.0
3/23/21,1726.2,54204.96,1616472000.0
3/24/21,1730.5,54477.46,1616558400.0
3/25/21,1737.3,52508.23,1616644800.0
3/27/21,1731.8,51415.92,1616817600.0
3/28/21,1731.8,55074.47,1616904000.0
3/26/21,1731.8,55863.93,1616731200.0
3/29/21,1705.95,55783.71,1616990400.0
3/30/21,1683.95,57627.67,1617076800.0
3/31/21,1691.05,58730.13,1617163200.0
4/2/21,1726.05,58735.25,1617336000.0
4/3/21,1726.05,58736.92,1617422400.0
4/4/21,1726.05,59031.32,1617508800.0
4/5/21,1726.05,57076.49,1617595200.0
4/1/21,1726.05,58206.55,1617249600.0
4/6/21,1744.65,59054.1,1617681600.0
4/7/21,1738.05,58020.46,1617768000.0
4/8/21,1755.5,55947.27,1617854400.0
4/10/21,1741.2,58048.59,1618027200.0
4/11/21,1741.2,58102.58,1618113600.0
4/9/21,1741.2,59774.0,1617940800.0
4/12/21,1732.85,59964.87,1618200000.0
4/13/21,1747.95,59834.74,1618286400.0
4/14/21,1735.55,63554.44,1618372800.0
4/15/21,1757.2,62969.12,1618459200.0
4/17/21,1774.45,63252.63,1618632000.0
4/18/21,1774.45,61455.98,1618718400.0
4/16/21,1774.45,60087.09,1618545600.0
4/19/21,1774.5,56251.48,1618804800.0
4/20/21,1777.85,55703.14,1618891200.0
4/21/21,1798.2,56507.91,1618977600.0
4/22/21,1787.75,53808.8,1619064000.0
4/24/21,1781.8,51731.71,1619236800.0
4/25/21,1781.8,51153.13,1619323200.0
4/23/21,1781.8,50110.53,1619150400.0
4/26/21,1773.35,49075.58,1619409600.0
4/27/21,1784.15,54056.64,1619496000.0
4/28/21,1772.2,55071.46,1619582400.0
4/29/21,1762.65,54884.1,1619668800.0
5/1/21,1767.65,53584.15,1619841600.0
5/2/21,1767.65,57796.62,1619928000.0
5/3/21,1767.65,57857.5,1620014400.0
4/30/21,1767.65,56610.46,1619755200.0
5/4/21,1797.75,57213.33,1620100800.0
5/5/21,1782.25,53241.72,1620187200.0
5/6/21,1813.15,57473.23,1620273600.0
5/8/21,1836.55,56428.16,1620446400.0
5/9/21,1836.55,57380.27,1620532800.0
5/7/21,1836.55,58928.81,1620360000.0
5/10/21,1840.45,58280.73,1620619200.0
5/11/21,1829.1,55883.5,1620705600.0
5/12/21,1830.7,56750.0,1620792000.0
5/13/21,1821.8,49007.09,1620878400.0
5/15/21,1838.1,49702.27,1621051200.0
5/16/21,1838.1,49922.52,1621137600.0
5/14/21,1838.1,46736.58,1620964800.0
5/17/21,1853.7,46441.64,1621224000.0
5/18/21,1866.75,43596.24,1621310400.0
5/19/21,1888.45,42912.19,1621396800.0
5/20/21,1878.3,36964.27,1621483200.0
5/22/21,1875.9,40784.32,1621656000.0
5/23/21,1875.9,37280.35,1621742400.0
5/21/21,1875.9,37528.3,1621569600.0
5/24/21,1880.15,34754.54,1621828800.0
5/25/21,1887.0,38728.59,1621915200.0
5/26/21,1899.75,38410.5,1622001600.0
5/27/21,1891.45,39266.04,1622088000.0
5/29/21,1899.95,38445.29,1622260800.0
5/30/21,1899.95,35689.62,1622347200.0
5/31/21,1899.95,34647.67,1622433600.0
5/28/21,1899.95,35684.59,1622174400.0
6/1/21,1899.35,37310.54,1622520000.0
6/2/21,1902.75,36662.64,1622606400.0
6/3/21,1866.55,37585.24,1622692800.0
6/5/21,1890.6,39188.59,1622865600.0
6/6/21,1890.6,36885.51,1622952000.0
6/4/21,1890.6,35530.38,1622779200.0
6/7/21,1888.4,35816.17,1623038400.0
6/8/21,1893.15,33514.87,1623124800.0
6/9/21,1894.6,33450.19,1623211200.0
6/10/21,1888.65,37338.36,1623297600.0
6/12/21,1881.05,36704.57,1623470400.0
6/13/21,1881.05,37313.18,1623556800.0
6/11/21,1881.05,35494.9,1623384000.0
6/14/21,1865.6,39066.82,1623643200.0
6/15/21,1865.1,40525.8,1623729600.0
6/16/21,1860.75,40188.56,1623816000.0
6/17/21,1778.7,38324.87,1623902400.0
6/19/21,1773.1,38068.04,1624075200.0
6/20/21,1773.1,35729.82,1624161600.0
6/18/21,1773.1,35524.17,1623988800.0
6/21/21,1775.05,35592.35,1624248000.0
6/22/21,1775.05,31686.55,1624334400.0
6/23/21,1791.6,32447.59,1624420800.0
6/24/21,1784.85,33674.66,1624507200.0
6/26/21,1786.65,34639.38,1624680000.0
6/27/21,1786.65,31640.58,1624766400.0
6/25/21,1786.65,32160.91,1624593600.0
6/28/21,1780.3,34644.45,1624852800.0
6/29/21,1755.45,34456.67,1624939200.0
6/30/21,1763.15,35847.7,1625025600.0
7/1/21,1781.5,35047.36,1625112000.0
7/3/21,1786.15,33536.88,1625284800.0
7/4/21,1786.15,33856.86,1625371200.0
7/2/21,1786.15,34688.98,1625198400.0
7/5/21,1791.35,35309.3,1625457600.0
7/6/21,1809.85,33747.97,1625544000.0
7/7/21,1804.65,34211.01,1625630400.0
7/8/21,1807.7,33839.04,1625716800.0
7/10/21,1806.0,32877.41,1625889600.0
7/11/21,1806.0,33818.52,1625976000.0
7/9/21,1806.0,33515.57,1625803200.0
7/12/21,1792.4,34227.64,1626062400.0
7/13/21,1813.85,33158.25,1626148800.0
7/14/21,1823.2,32686.56,1626235200.0
7/15/21,1823.75,32814.61,1626321600.0
7/17/21,1824.3,31738.59,1626494400.0
7/18/21,1824.3,31421.25,1626580800.0
7/16/21,1824.3,31520.66,1626408000.0
7/19/21,1814.9,31783.49,1626667200.0
7/20/21,1823.05,30815.94,1626753600.0
7/21/21,1802.15,29790.24,1626840000.0
7/22/21,1799.45,32118.06,1626926400.0
7/24/21,1799.6,32297.89,1627099200.0
7/25/21,1799.6,33581.63,1627185600.0
7/23/21,1799.6,34279.34,1627012800.0
7/26/21,1800.2,35365.2,1627272000.0
7/27/21,1800.35,37318.14,1627358400.0
7/28/21,1796.6,39405.95,1627444800.0
7/29/21,1829.3,40002.53,1627531200.0
7/31/21,1825.75,40005.93,1627704000.0
8/1/21,1825.75,42214.15,1627790400.0
7/30/21,1825.75,41659.06,1627617600.0
8/2/21,1811.45,40000.46,1627876800.0
8/3/21,1812.65,39193.94,1627963200.0
8/4/21,1829.1,38138.0,1628049600.0
8/5/21,1800.75,39750.14,1628136000.0
8/7/21,1762.9,40882.0,1628308800.0
8/8/21,1762.9,42825.95,1628395200.0
8/6/21,1762.9,44634.13,1628222400.0
8/9/21,1738.85,43816.14,1628481600.0
8/10/21,1723.35,46333.46,1628568000.0
8/11/21,1743.6,45608.37,1628654400.0
8/12/21,1747.4,45611.46,1628740800.0
8/14/21,1773.85,44417.78,1628913600.0
8/15/21,1773.85,47833.98,1629000000.0
8/13/21,1773.85,47112.19,1628827200.0
8/16/21,1786.35,47056.41,1629086400.0
8/17/21,1789.45,45982.55,1629172800.0
8/18/21,1783.45,44648.57,1629259200.0
8/19/21,1782.05,44777.86,1629345600.0
8/21/21,1779.05,46734.65,1629518400.0
8/22/21,1779.05,49327.75,1629604800.0
8/20/21,1779.05,48932.02,1629432000.0
8/23/21,1802.0,49335.68,1629691200.0
8/24/21,1808.45,49523.5,1629777600.0
8/25/21,1788.7,47744.58,1629864000.0
8/26/21,1786.6,48972.09,1629950400.0
8/28/21,1798.5,46962.8,1630123200.0
8/29/21,1798.5,49056.86,1630209600.0
8/30/21,1798.5,48897.65,1630296000.0
8/27/21,1798.5,48806.78,1630036800.0
8/31/21,1814.85,47074.77,1630382400.0
9/1/21,1811.8,47155.87,1630468800.0
9/2/21,1812.55,48862.76,1630555200.0
9/4/21,1823.7,49329.01,1630728000.0
9/5/21,1823.7,50035.33,1630814400.0
9/3/21,1823.7,49947.38,1630641600.0
9/6/21,1821.6,51769.06,1630900800.0
9/7/21,1802.15,52677.4,1630987200.0
9/8/21,1786.0,46809.17,1631073600.0
9/9/21,1788.25,46078.38,1631160000.0
9/10/21,1794.6,46368.69,1631246400.0
