Date,USD (PM),BTC Price,Delta(G),Delta(B),PE(G),PE(B)
9/12/16,1324.6,609.67,null,-1,null,-1
9/13/16,1323.65,610.92,-0.95,1.25,0,1
9/14/16,1321.75,608.82,-1.9,-2.1,0,0
9/15/16,1310.8,610.38,-10.95,1.56,0,1
9/16/16,1308.35,609.11,-2.45,-1.27,0,0
9/17/16,1314.85,607.04,6.5,-2.07,1,0
9/18/16,1314.85,611.58,0.0,4.54,1
9/19/16,1314.85,610.19,0.0,-1.39,0
9/20/16,1313.8,608.66,-1.05,-1.53,0,0
9/21/16,1326.1,598.88,12.3,-9.78,1,0
9/22/16,1339.1,597.42,13.0,-1.46,1,0
9/23/16,1338.65,594.08,-0.45,-3.34,0,0
9/24/16,1340.5,603.88,1.85,9.8,1,1
9/25/16,1340.5,601.74,0.0,-2.14,0
9/26/16,1340.5,598.98,0.0,-2.76,0
9/27/16,1327.0,605.96,-13.5,6.98,0,1
9/28/16,1322.5,605.67,-4.5,-0.29,0,0
9/29/16,1318.1,603.85,-4.4,-1.82,0,0
9/30/16,1322.5,609.39,4.4,5.54,1,1
10/1/16,1313.3,614.82,-9.2,5.43,0,1
10/2/16,1313.3,612.98,0.0,-1.84,0
10/3/16,1313.3,611.85,0.0,-1.13,0
10/4/16,1283.3,609.62,-30.0,-2.23,0,0
10/5/16,1269.4,607.18,-13.9,-2.44,0,0
10/6/16,1254.5,612.08,-14.9,4.9,0,1
10/7/16,1258.75,617.21,4.25,5.13,1,1
10/8/16,1259.5,614.74,0.75,-2.47,1,0
10/9/16,1259.5,615.65,0.0,0.91,1
10/10/16,1259.5,617.54,0.0,1.89,1
10/11/16,1253.45,614.77,-6.05,-2.77,0,0
10/12/16,1256.5,635.01,3.05,20.24,1,1
10/13/16,1261.05,635.96,4.55,0.95,1,1
10/14/16,1251.75,634.02,-9.3,-1.94,0,0
10/15/16,1254.8,637.94,3.05,3.92,1,1
10/16/16,1254.8,641.42,0.0,3.48,1
10/17/16,1254.8,638.97,0.0,-2.45,0
10/18/16,1258.2,636.29,3.4,-2.68,1,0
10/19/16,1269.05,629.25,10.85,-7.04,1,0
10/20/16,1271.65,627.72,2.6,-1.53,1,0
10/21/16,1266.05,631.92,-5.6,4.2,0,1
10/22/16,1265.55,655.48,-0.5,23.56,0,1
10/23/16,1265.55,653.25,0.0,-2.23,0
10/24/16,1265.55,651.39,0.0,-1.86,0
10/25/16,1269.4,655.31,3.85,3.92,1,1
10/26/16,1270.5,651.45,1.1,-3.86,1,0
10/27/16,1266.25,682.22,-4.25,30.77,0,1
10/28/16,1273.0,687.68,6.75,5.46,1,1
10/29/16,1272.0,685.91,-1.0,-1.77,0,0
10/30/16,1272.0,698.0,0.0,12.09,1
10/31/16,1272.0,702.0,0.0,4.0,1
11/1/16,1288.45,697.01,16.45,-4.99,1,0
11/2/16,1303.75,733.33,15.3,36.32,1,1
11/3/16,1301.0,686.17,-2.75,-47.16,0,0
11/4/16,1302.8,683.69,1.8,-2.48,1,0
11/5/16,1283.05,704.79,-19.75,21.1,0,1
11/6/16,1283.05,712.0,0.0,7.21,1
11/7/16,1283.05,709.96,0.0,-2.04,0
11/8/16,1282.35,708.97,-0.7,-0.99,0,0
11/9/16,1281.4,720.93,-0.95,11.96,0,1
11/10/16,1267.5,721.5,-13.9,0.57,0,1
11/11/16,1236.45,715.45,-31.05,-6.05,0,0
11/12/16,1213.6,703.71,-22.85,-11.74,0,0
11/13/16,1213.6,702.28,0.0,-1.43,0
11/14/16,1213.6,706.46,0.0,4.18,1
11/15/16,1226.95,710.91,13.35,4.45,1,1
11/16/16,1229.2,711.73,2.25,0.82,1,1
11/17/16,1226.75,736.96,-2.45,25.23,0,1
11/18/16,1211.0,747.52,-15.75,10.56,0,1
11/19/16,1214.25,748.98,3.25,1.46,1,1
11/20/16,1214.25,729.06,0.0,-19.92,0
11/21/16,1214.25,738.53,0.0,9.47,1
11/22/16,1212.25,736.97,-2.0,-1.56,0,0
11/23/16,1185.35,741.63,-26.9,4.66,0,1
11/24/16,1186.1,737.45,0.75,-4.18,1,0
11/25/16,1187.7,735.64,1.6,-1.81,1,0
11/26/16,1187.0,733.67,-0.7,-1.97,0,0
11/27/16,1187.0,727.96,0.0,-5.71,0
11/28/16,1187.0,727.31,0.0,-0.65,0
11/29/16,1186.55,732.71,-0.45,5.4,0,1
11/30/16,1178.1,742.69,-8.45,9.98,0,1
12/1/16,1161.85,742.05,-16.25,-0.64,0,0
12/2/16,1173.5,772.43,11.65,30.38,1,1
12/3/16,1162.2,764.33,-11.3,-8.1,0,0
12/4/16,1162.2,762.97,0.0,-1.36,0
12/5/16,1162.2,754.63,0.0,-8.34,0
12/6/16,1172.5,756.62,10.3,1.99,1,1
12/7/16,1177.65,758.99,5.15,2.37,1,1
12/8/16,1171.05,769.72,-6.6,10.73,0,1
12/9/16,1163.6,770.02,-7.45,0.3,0,1
12/10/16,1156.1,769.08,-7.5,-0.94,0,0
12/11/16,1156.1,777.0,0.0,7.92,1
12/12/16,1156.1,777.0,0.0,0.0,
12/13/16,1158.55,777.99,2.45,0.99,1,1
12/14/16,1162.25,774.89,3.7,-3.1,1,0
12/15/16,1126.95,776.75,-35.3,1.86,0,1
12/16/16,1131.6,775.88,4.65,-0.87,1,0
12/17/16,1136.25,788.7,4.65,12.82,1,1
12/18/16,1136.25,788.4,0.0,-0.3,0
12/19/16,1136.25,788.67,0.0,0.27,1
12/20/16,1125.7,793.09,-10.55,4.42,0,1
12/21/16,1133.65,824.21,7.95,31.12,1,1
12/22/16,1131.35,834.97,-2.3,10.76,0,1
12/23/16,nan,901.31,nan,66.34,1
12/24/16,1134.6,891.61,nan,-9.7,0
12/25/16,1134.6,892.6,0.0,0.99,1
12/26/16,1134.6,897.33,0.0,4.73,1
12/27/16,1134.6,930.37,0.0,33.04,1
12/28/16,1134.6,930.34,0.0,-0.03,0
12/29/16,1145.9,963.38,11.3,33.04,1,1
12/30/16,nan,952.15,nan,-11.23,0
12/31/16,1151.0,958.12,nan,5.97,1
1/1/17,1151.0,997.72,0.0,39.6,1
1/2/17,1151.0,1015.97,0.0,18.25,1
1/3/17,1151.0,1013.42,0.0,-2.55,0
1/4/17,1164.25,1126.76,13.25,113.34,1,1
1/5/17,1176.7,994.67,12.45,-132.09,1,0
1/6/17,1175.85,999.65,-0.85,4.98,0,1
1/7/17,1178.5,896.83,2.65,-102.82,1,0
1/8/17,1178.5,908.14,0.0,11.31,1
1/9/17,1178.5,910.49,0.0,2.35,1
1/10/17,1189.5,906.05,11.0,-4.44,1,0
1/11/17,1178.55,785.22,-10.95,-120.83,0,0
1/12/17,1205.05,780.92,26.5,-4.3,1,0
1/13/17,1190.35,826.29,-14.7,45.37,0,1
1/14/17,1203.0,817.91,12.65,-8.38,1,0
1/15/17,1203.0,819.55,0.0,1.64,1
1/16/17,1203.0,830.5,0.0,10.95,1
1/17/17,1216.05,903.84,13.05,73.34,1,1
1/18/17,1214.75,906.6,-1.3,2.76,0,1
1/19/17,1196.05,895.798875,-18.7,-10.8011,0,0
1/20/17,1200.55,893.6210875,4.5,-2.1778,1,0
1/21/17,1212.85,895.64,12.3,2.0189,1,1
1/22/17,1212.85,918.603625,0.0,22.9636,1
1/23/17,1212.85,922.0736125,0.0,3.47,1
1/24/17,1216.8,919.97,3.95,-2.1036,1,0
1/25/17,1195.0,893.045625,-21.8,-26.9244,0,0
1/26/17,1189.7,915.95625,-5.3,22.9106,0,1
1/27/17,1184.85,915.05,-4.85,-0.9062,0,0
1/28/17,1192.8,920.31225,7.95,5.2622,1,1
1/29/17,1192.8,915.933,0.0,-4.3792,0
1/30/17,1192.8,912.19,0.0,-3.743,0
1/31/17,1212.8,964.706075,20.0,52.5161,1,1
2/1/17,1203.65,979.703875,-9.15,14.9978,0,1
2/2/17,1221.95,983.42,18.3,3.7161,1,1
2/3/17,1215.2,1013.027,-6.75,29.607,0,1
2/4/17,1226.75,1030.999413,11.55,17.9724,1,1
2/5/17,1226.75,1034.07,0.0,3.0706,1
2/6/17,1226.75,1024.01375,0.0,-10.0562,0
2/7/17,1231.0,1050.11,4.25,26.0962,1,1
2/8/17,1242.1,1052.84,11.1,2.73,1,1
2/9/17,1236.8,976.103,-5.3,-76.737,0,0
2/10/17,1228.3,999.1035,-8.5,23.0005,0,1
2/11/17,1222.25,997.59,-6.05,-1.5135,0,0
2/12/17,1222.25,1000.604625,0.0,3.0146,1
2/13/17,1222.25,999.877375,0.0,-0.7273,0
2/14/17,1230.75,1001.2,8.5,1.3226,1,1
2/15/17,1224.4,1012.325988,-6.35,11.126,0,1
2/16/17,1240.55,1035.208125,16.15,22.8821,1,1
2/17/17,1241.95,1035.2,1.4,-0.0081,1,0
2/18/17,1237.3,1056.637138,-4.65,21.4371,0,1
2/19/17,1237.3,1052.779286,0.0,-3.8579,0
2/20/17,1237.3,1050.87,0.0,-1.9093,0
2/21/17,1233.2,1123.788429,-4.1,72.9184,0,1
2/22/17,1236.65,1123.223188,3.45,-0.5652,1,0
2/23/17,1247.9,1130.01,11.25,6.7868,1,1
2/24/17,1253.65,1174.86625,5.75,44.8563,1,1
2/25/17,1257.2,1150.605714,3.55,-24.2605,1,0
2/26/17,1257.2,1150.37,0.0,-0.2357,0
2/27/17,1257.2,1190.75195,0.0,40.382,1
2/28/17,1255.6,1187.565286,-1.6,-3.1867,0,0
3/1/17,1240.4,1190.89,-15.2,3.3247,0,1
3/2/17,1238.1,1259.410817,-2.3,68.5208,0,1
3/3/17,1226.5,1285.14,-11.6,25.7292,0,1
3/4/17,1230.95,1287.0,4.45,1.86,1,1
3/5/17,1230.95,1270.9333,0.0,-16.0667,0
3/6/17,1230.95,1275.197375,0.0,4.2641,1
3/7/17,1216.65,1279.5,-14.3,4.3026,0,1
3/8/17,1209.2,1157.3933,-7.45,-122.1067,0,0
3/9/17,1206.55,1192.469143,-2.65,35.0758,0,1
3/10/17,1202.65,1192.09,-3.9,-0.3791,0,0
3/11/17,1204.2,1179.159875,1.55,-12.9301,1,0
3/12/17,1204.2,1227.494625,0.0,48.3347,1
3/13/17,1204.2,1227.68,0.0,0.1854,1
3/14/17,1204.6,1245.370786,0.4,17.6908,1,1
3/15/17,1198.8,1257.399625,-5.8,12.0288,0,1
3/16/17,1229.35,1257.0,30.55,-0.3996,1,0
3/17/17,1229.6,1091.171888,0.25,-165.8281,1,0
3/18/17,1232.4,952.2323625,2.8,-138.9395,1,0
3/19/17,1232.4,967.69,0.0,15.4576,1
3/20/17,1232.4,1049.084488,0.0,81.3945,1
3/21/17,1241.6,1118.630043,9.2,69.5456,1,1
3/22/17,1249.05,1113.0,7.45,-5.63,1,0
3/23/17,1247.5,1038.789,-1.55,-74.211,0,0
3/24/17,1247.5,941.9197143,0.0,-96.8693,0
3/25/17,1257.55,927.93,10.05,-13.9897,1,0
3/26/17,1257.55,956.7863125,0.0,28.8563,1
3/27/17,1257.55,1037.22925,0.0,80.4429,1
3/28/17,1257.25,1041.04,-0.3,3.8107,0,1
3/29/17,1251.1,1040.5755,-6.15,-0.4645,0,0
3/30/17,1248.8,1037.90455,-2.3,-2.6709,0,0
3/31/17,1244.85,1034.74,-3.95,-3.1645,0,0
4/1/17,1247.25,1086.929571,2.4,52.1896,1,1
4/2/17,1247.25,1099.169125,0.0,12.2396,1
4/3/17,1247.25,1079.99,0.0,-19.1791,0
4/4/17,1257.65,1141.600363,10.4,61.6104,1,1
4/5/17,1245.8,1133.079314,-11.85,-8.521,0,0
4/6/17,1252.5,1133.53,6.7,0.4507,1,1
4/7/17,1266.45,1190.45425,13.95,56.9243,1,1
4/8/17,1250.05,1181.149838,-16.4,-9.3044,0,0
4/9/17,1250.05,1184.03,0.0,2.8802,1
4/10/17,1250.05,1207.744875,0.0,23.7149,1
4/11/17,1252.9,1226.617038,2.85,18.8722,1,1
4/12/17,1274.3,1219.09,21.4,-7.527,1,0
4/13/17,1284.15,1180.023713,9.85,-39.0663,1,0
4/14/17,1278.95,1185.260057,-5.2,5.2363,0,1
4/15/17,1278.95,1170.36,0.0,-14.9001,0
4/16/17,1278.95,1186.927413,0.0,16.5674,1
4/17/17,1278.95,1205.634875,0.0,18.7075,1
4/18/17,1278.95,1176.97,0.0,-28.6649,0
4/19/17,1279.05,1217.930088,0.1,40.9601,1,1
4/20/17,1282.1,1241.686325,3.05,23.7562,1,1
4/21/17,1281.85,1236.63,-0.25,-5.0563,0,0
4/22/17,1269.4,1261.311225,-12.45,24.6812,0,1
4/23/17,1269.4,1257.988113,0.0,-3.3231,0
4/24/17,1269.4,1240.84,0.0,-17.1481,0
4/25/17,1267.8,1279.414688,-1.6,38.5747,0,1
4/26/17,1261.85,1309.109875,-5.95,29.6952,0,1
4/27/17,1262.8,1288.02,0.95,-21.0899,1,0
4/28/17,1266.45,1331.294429,3.65,43.2744,1,1
4/29/17,1255.45,1334.979038,-11.0,3.6846,0,1
4/30/17,1255.45,1333.0,0.0,-1.979,0
5/1/17,1255.45,1417.172813,0.0,84.1728,1
5/2/17,1255.45,1452.076288,0.0,34.9035,1
5/3/17,1250.3,1447.55,-5.15,-4.5263,0,0
5/4/17,1228.45,1508.292125,-21.85,60.7421,0,1
5/5/17,1228.05,1533.335071,-0.4,25.0429,0,1
5/6/17,1229.8,1518.75,1.75,-14.5851,1,0
5/7/17,1229.8,1535.868429,0.0,17.1184,1
5/8/17,1229.8,1640.619225,0.0,104.7508,1
5/9/17,1220.4,1651.1,-9.4,10.4808,0,1
5/10/17,1222.95,1762.88625,2.55,111.7863,1,1
5/11/17,1223.15,1820.990563,0.2,58.1043,1,1
5/12/17,1231.25,1829.0,8.1,8.0094,1,1
5/13/17,1233.3,1771.920013,2.05,-57.08,1,0
5/14/17,1233.3,1776.3165,0.0,4.3965,1
5/15/17,1233.3,1780.0,0.0,3.6835,1
5/16/17,1234.2,1739.031975,0.9,-40.968,1,0
5/17/17,1257.4,1807.485063,23.2,68.4531,1,1
5/18/17,1255.9,1783.98,-1.5,-23.5051,0,0
5/19/17,1252.0,1961.520488,-3.9,177.5405,0,1
5/20/17,1258.85,2052.909788,6.85,91.3893,1,1
5/21/17,1258.85,2008.84,0.0,-44.0698,0
5/22/17,1258.85,2090.662313,0.0,81.8223,1
5/23/17,1260.2,2287.710288,1.35,197.048,1,1
5/24/17,1252.55,2256.32,-7.65,-31.3903,0,0
5/25/17,1256.95,2387.206286,4.4,130.8863,1,1
5/26/17,1265.05,2211.976857,8.1,-175.2294,1,0
5/27/17,1262.7,2279.82,-2.35,67.8431,0,1
5/28/17,1262.7,2192.9808,0.0,-86.8392,0
5/29/17,1262.7,2275.9307,0.0,82.9499,1
5/30/17,1262.7,2290.02,0.0,14.0893,1
5/31/17,1266.2,2285.933914,3.5,-4.0861,1,0
6/1/17,1264.85,2399.242671,-1.35,113.3088,0,1
6/2/17,1274.95,2409.93,10.1,10.6873,1,1
6/3/17,1279.95,2525.765158,5.0,115.8352,1,1
6/4/17,1279.95,2516.173143,0.0,-9.592,0
6/5/17,1279.95,2529.53,0.0,13.3569,1
6/6/17,1293.5,2883.313697,13.55,353.7837,1,1
6/7/17,1291.0,2664.920863,-2.5,-218.3928,0,0
6/8/17,1273.1,2683.03,-17.9,18.1091,0,1
6/9/17,1266.55,2827.4913,-6.55,144.4613,0,1
6/10/17,1266.4,2845.372857,-0.15,17.8816,0,1
6/11/17,1266.4,2898.63,0.0,53.2571,1
6/12/17,1266.4,2657.675063,0.0,-240.9549,0
6/13/17,1262.0,2748.185086,-4.4,90.51,0,1
6/14/17,1275.5,2706.0,13.5,-42.1851,1,0
6/15/17,1254.55,2442.48025,-20.95,-263.5197,0,0
6/16/17,1255.4,2464.959814,0.85,22.4796,1,1
6/17/17,1248.15,2477.94,-7.25,12.9802,0,1
6/18/17,1248.15,2507.389252,0.0,29.4493,1
6/19/17,1248.15,2617.210263,0.0,109.821,1
6/20/17,1242.2,2600.0,-5.95,-17.2103,0,0
6/21/17,1242.5,2671.04325,0.3,71.0433,1,1
6/22/17,1250.8,2727.288013,8.3,56.2448,1,1
6/23/17,1255.7,2713.48,4.9,-13.808,1,0
6/24/17,1245.25,2589.164888,-10.45,-124.3151,0,0
6/25/17,1245.25,2512.366286,0.0,-76.7986,0
6/26/17,1245.25,2502.03,0.0,-10.3363,0
6/27/17,1249.55,2517.903114,4.3,15.8731,1,1
6/28/17,1248.0,2585.349186,-1.55,67.4461,0,1
6/29/17,1243.5,2558.3,-4.5,-27.0492,0,0
6/30/17,1242.25,2477.641375,-1.25,-80.6586,0,0
7/1/17,1229.25,2501.191343,-13.0,23.55,0,1
7/2/17,1229.25,2421.26,0.0,-79.9313,0
7/3/17,1229.25,2561.225429,0.0,139.9654,1
7/4/17,1223.75,2599.729838,-5.5,38.5044,0,1
7/5/17,1220.3,2598.89,-3.45,-0.8398,0,0
7/6/17,1224.9,2609.96775,4.6,11.0777,1,1
7/7/17,1215.65,2491.201214,-9.25,-118.7665,0,0
7/8/17,1211.9,2502.86,-3.75,11.6588,0,1
7/9/17,1211.9,2536.238938,0.0,33.3789,1
7/10/17,1211.9,2366.170143,0.0,-170.0688,0
7/11/17,1211.05,2327.09,-0.85,-39.0801,0,0
7/12/17,1218.8,2385.748571,7.75,58.6586,1,1
7/13/17,1218.9,2354.783417,0.1,-30.9652,1,0
7/14/17,1230.3,2338.49,11.4,-16.2934,1,0
7/15/17,1234.1,2058.9956,3.8,-279.4944,1,0
7/16/17,1234.1,1931.2143,0.0,-127.7813,0
7/17/17,1234.1,1910.96,0.0,-20.2543,0
7/18/17,1240.75,2320.12225,6.65,409.1622,1,1
7/19/17,1242.15,2264.7657,1.4,-55.3565,1,0
7/20/17,1238.7,2265.21,-3.45,0.4443,0,1
7/21/17,1248.55,2682.195363,9.85,416.9854,1,1
7/22/17,1255.55,2807.609857,7.0,125.4145,1,1
7/23/17,1255.55,2825.51,0.0,17.9001,1
7/24/17,1255.55,2751.821029,0.0,-73.689,0
7/25/17,1254.4,2560.997917,-1.15,-190.8231,0,0
7/26/17,1248.1,2564.3,-6.3,3.3021,0,1
7/27/17,1261.1,2647.625,13.0,83.325,1,1
7/28/17,1264.9,2781.636583,3.8,134.0116,1,1
7/29/17,1267.55,2784.8,2.65,3.1634,1,1
7/30/17,1267.55,2745.955417,0.0,-38.8446,0
7/31/17,1267.55,2866.431667,0.0,120.4762,1
8/1/17,1270.95,2862.9,3.4,-3.5317,1,0
8/2/17,1269.6,2693.633983,-1.35,-169.266,0,0
8/3/17,1268.1,2794.117717,-1.5,100.4837,0,1
8/4/17,1257.7,2790.0,-10.4,-4.1177,0,0
8/5/17,1258.0,3218.115017,0.3,428.115,1,1
8/6/17,1258.0,3252.562533,0.0,34.4475,1
8/7/17,1258.0,3210.2,0.0,-42.3625,0
8/8/17,1261.8,3457.374333,3.8,247.1743,1,1
8/9/17,1271.05,3357.326317,9.25,-100.048,1,0
8/10/17,1284.4,3340.28,13.35,-17.0463,1,0
8/11/17,1286.1,3632.506667,1.7,292.2267,1,1
8/12/17,1282.3,3852.802914,-3.8,220.2962,0,1
8/13/17,1282.3,3868.52,0.0,15.7171,1
8/14/17,1282.3,4282.992,0.0,414.472,1
8/15/17,1270.3,4217.028329,-12.0,-65.9637,0,0
8/16/17,1272.75,4179.97,2.45,-37.0583,1,0
8/17/17,1285.15,4328.725717,12.4,148.7557,1,1
8/18/17,1295.8,4130.440067,10.65,-198.2856,1,0
8/19/17,1292.9,4104.71,-2.9,-25.7301,0,0
8/20/17,1292.9,4157.958033,0.0,53.248,1
8/21/17,1292.9,4043.722,0.0,-114.236,0
8/22/17,1284.2,3986.28,-8.7,-57.442,0,0
8/23/17,1286.65,4174.95,2.45,188.67,1,1
8/24/17,1289.0,4340.316717,2.35,165.3667,1,1
8/25/17,1285.3,4331.77,-3.7,-8.5467,0,0
8/26/17,1318.65,4360.513317,33.35,28.7433,1,1
8/27/17,1318.65,4354.308333,0.0,-6.205,0
8/28/17,1318.65,4339.05,0.0,-15.2583,0
8/29/17,1318.65,4607.98545,0.0,268.9354,1
8/30/17,1308.5,4594.98785,-10.15,-12.9976,0,0
8/31/17,1311.75,4582.52,3.25,-12.4678,1,0
9/1/17,1320.4,4911.740017,8.65,329.22,1,1
9/2/17,1333.1,4580.38748,12.7,-331.3525,1,0
9/3/17,1333.1,4585.57,0.0,5.1825,1
9/4/17,1333.1,4344.098317,0.0,-241.4717,0
9/5/17,1335.55,4488.72014,2.45,144.6218,1,1
9/6/17,1337.85,4385.02,2.3,-103.7001,1,0
9/7/17,1343.5,4654.6585,5.65,269.6385,1,1
9/8/17,1346.25,4310.750183,2.75,-343.9083,1,0
9/9/17,1334.2,4312.26,-12.05,1.5098,0,1
9/10/17,1334.2,4329.955,0.0,17.695,1
9/11/17,1334.2,4248.090017,0.0,-81.865,0
9/12/17,1326.5,4198.59,-7.7,-49.5,0,0
9/13/17,1327.55,3961.271267,1.05,-237.3187,1,0
9/14/17,1324.55,3319.63,-3.0,-641.6413,0,0
9/15/17,1322.85,3216.43,-1.7,-103.2,0,0
9/16/17,1312.1,3763.62604,-10.75,547.196,0,1
9/17/17,1312.1,3746.060783,0.0,-17.5653,0
9/18/17,1312.1,3678.53,0.0,-67.5308,0
9/19/17,1309.6,3943.413333,-2.5,264.8833,0,1
9/20/17,1311.3,3977.561667,1.7,34.1483,1,1
9/21/17,1292.1,3894.48,-19.2,-83.0817,0,0
9/22/17,1294.8,3637.50255,2.7,-256.9774,1,0
9/23/17,1293.3,3776.3869,-1.5,138.8843,0,1
9/24/17,1293.3,3777.62,0.0,1.2331,1
9/25/17,1293.3,3942.555,0.0,164.935,1
9/26/17,1300.05,3910.307383,6.75,-32.2476,1,0
9/27/17,1282.55,3881.0,-17.5,-29.3074,0,0
9/28/17,1283.35,4201.98905,0.8,320.9891,1,1
9/29/17,1283.1,4193.574667,-0.25,-8.4144,0,0
9/30/17,1273.7,4164.27,-9.4,-29.3047,0,0
10/1/17,1273.7,4360.722967,0.0,196.453,1
10/2/17,1273.7,4386.88375,0.0,26.1608,1
10/3/17,1271.25,4394.07,-2.45,7.1862,0,1
10/4/17,1274.25,4225.175,3.0,-168.895,1,0
10/5/17,1274.5,4338.852,0.25,113.677,1,1
10/6/17,1261.8,4318.58,-12.7,-20.272,0,0
10/7/17,1278.75,4376.191667,16.95,57.6117,1,1
10/8/17,1278.75,4602.280883,0.0,226.0892,1
10/9/17,1278.75,4605.66,0.0,3.3791,1
10/10/17,1291.4,4782.28,12.65,176.62,1,1
10/11/17,1289.25,4819.485767,-2.15,37.2058,0,1
10/12/17,1290.25,4822.17,1.0,2.6842,1,1
10/13/17,1299.6,5563.806567,9.35,741.6366,1,1
10/14/17,1303.3,5739.438733,3.7,175.6322,1,1
10/15/17,1303.3,5825.99,0.0,86.5513,1
10/16/17,1303.3,5711.205867,0.0,-114.7841,0
10/17/17,1284.75,5603.71294,-18.55,-107.4929,0,0
10/18/17,1280.2,5594.66,-4.55,-9.0529,0,0
10/19/17,1286.4,5727.6335,6.2,132.9735,1,1
10/20/17,1281.2,5979.45984,-5.2,251.8263,0,1
10/21/17,1274.9,5986.44,-6.3,6.9802,0,1
10/22/17,1274.9,5983.18455,0.0,-3.2554,0
10/23/17,1274.9,5876.079867,0.0,-107.1047,0
10/24/17,1276.45,5900.59,1.55,24.5101,1,1
10/25/17,1275.0,5669.622533,-1.45,-230.9675,0,0
10/26/17,1273.75,5893.138417,-1.25,223.5159,0,1
10/27/17,1266.45,5889.82,-7.3,-3.3184,0,0
10/28/17,1272.0,5776.69695,5.55,-113.1231,1,0
10/29/17,1272.0,6155.43402,0.0,378.7371,1
10/30/17,1272.0,6136.49,0.0,-18.944,0
10/31/17,1270.15,6388.645167,-1.85,252.1552,0,1
11/1/17,1277.05,6665.306683,6.9,276.6615,1,1
11/2/17,1279.2,6751.98,2.15,86.6733,1,1
11/3/17,1267.2,7197.72006,-12.0,445.7401,0,1
11/4/17,1270.9,7437.543317,3.7,239.8233,1,1
11/5/17,1270.9,7365.99,0.0,-71.5533,0
11/6/17,1270.9,6989.071667,0.0,-376.9183,0
11/7/17,1275.6,7092.127233,4.7,103.0556,1,1
11/8/17,1284.0,7128.64,8.4,36.5128,1,1
11/9/17,1284.8,7158.03706,0.8,29.3971,1,1
11/10/17,1284.3,6719.39785,-0.5,-438.6392,0,0
11/11/17,1277.95,6569.22,-6.35,-150.1779,0,0
11/12/17,1277.95,5716.301583,0.0,-852.9184,0
11/13/17,1277.95,6550.227533,0.0,833.9259,1
11/14/17,1274.6,6493.63,-3.35,-56.5975,0,0
11/15/17,1282.2,7301.42992,7.6,807.7999,1,1
11/16/17,1280.0,7815.0307,-2.2,513.6008,0,1
11/17/17,1284.35,7868.77,4.35,53.7393,1,1
11/18/17,1286.2,7817.140383,1.85,-51.6296,1,0
11/19/17,1286.2,8007.654067,0.0,190.5137,1
11/20/17,1286.2,8049.72,0.0,42.0659,1
11/21/17,1283.3,8059.8,-2.9,10.08,0,1
11/22/17,1286.95,8268.035,3.65,208.235,1,1
11/23/17,1290.35,8236.72,3.4,-31.315,1,0
11/24/17,1290.5,8250.978333,0.15,14.2583,1,1
11/25/17,1294.9,8707.407267,4.4,456.4289,1,1
11/26/17,1294.9,8768.8,0.0,61.3927,1
11/27/17,1294.9,9718.29505,0.0,949.4951,1
11/28/17,1291.85,9952.50882,-3.05,234.2138,0,1
11/29/17,1283.85,9919.0,-8.0,-33.5088,0,0
11/30/17,1280.2,10147.372,-3.65,228.372,0,1
12/1/17,1275.5,10883.912,-4.7,736.54,0,1
12/2/17,1273.45,10879.88,-2.05,-4.032,0,0
12/3/17,1273.45,11332.622,0.0,452.742,1
12/4/17,1273.45,11584.83,0.0,252.208,1
12/5/17,1266.3,11591.22,-7.15,6.39,0,1
12/6/17,1263.7,13540.98,-2.6,1949.76,0,1
12/7/17,1255.0,16501.97167,-8.7,2960.9917,0,1
12/8/17,1250.65,16860.88,-4.35,358.9083,0,1
12/9/17,1247.15,15142.83415,-3.5,-1718.0459,0,0
12/10/17,1247.15,14869.805,0.0,-273.0292,0
12/11/17,1247.15,15068.95,0.0,199.145,1
12/12/17,1240.9,17276.39333,-6.25,2207.4433,0,1
12/13/17,1242.65,16808.36667,1.75,-468.0267,1,0
12/14/17,1251.0,16252.31,8.35,-556.0567,1,0
12/15/17,1254.6,17771.9,3.6,1519.59,1,1
12/16/17,1260.6,19498.68333,6.0,1726.7833,1,1
12/17/17,1260.6,19279.9,0.0,-218.7833,0
12/18/17,1260.6,18961.85667,0.0,-318.0433,0
12/19/17,1260.35,17737.11167,-0.25,-1224.745,0,0
12/20/17,1264.55,17382.94,4.2,-354.1717,1,0
12/21/17,1264.55,16047.51,0.0,-1335.43,0
12/22/17,nan,15190.945,nan,-856.565,0
12/23/17,1279.4,13776.61,nan,-1414.335,0
12/24/17,1279.4,13949.175,0.0,172.565,1
12/25/17,1279.4,14119.02833,0.0,169.8533,1
12/26/17,1279.4,13740.94,0.0,-378.0883,0
12/27/17,1279.4,15589.32167,0.0,1848.3817,1
12/28/17,1291.0,14380.58167,11.6,-1208.74,1,0
12/29/17,nan,14214.01,nan,-166.5717,0
12/30/17,1312.05,13215.574,nan,-998.436,0
12/31/17,1312.05,14165.575,0.0,950.001,1
1/1/18,1312.05,13796.0,0.0,-369.575,0
1/2/18,1312.05,15005.85667,0.0,1209.8567,1
1/3/18,1314.9,15053.26167,2.85,47.405,1,1
1/4/18,1314.5,15039.24,-0.4,-14.0217,0,0
1/5/18,1317.15,17174.12,2.65,2134.88,1,1
1/6/18,1319.95,17319.198,2.8,145.078,1,1
1/7/18,1319.95,17155.95,0.0,-163.248,0
1/8/18,1319.95,15265.90667,0.0,-1890.0433,0
1/9/18,1311.0,14714.25333,-8.95,-551.6533,0,0
1/10/18,1319.75,14437.42,8.75,-276.8333,1,0
1/11/18,1323.05,13296.794,3.3,-1140.626,1,0
1/12/18,1326.8,13912.882,3.75,616.088,1,1
1/13/18,1339.25,13791.19,12.45,-121.692,1,0
1/14/18,1339.25,13852.92,0.0,61.73,1
1/15/18,1339.25,14012.196,0.0,159.276,1
1/16/18,1333.85,13554.14,-5.4,-458.056,0,0
1/17/18,1335.65,11116.94667,1.8,-2437.1933,1,0
1/18/18,1332.2,11345.42333,-3.45,228.4767,0,1
1/19/18,1334.95,11174.82,2.75,-170.6033,1,0
1/20/18,1332.6,12950.79333,-2.35,1775.9733,0,1
1/21/18,1332.6,11505.228,0.0,-1445.5653,0
1/22/18,1332.6,11513.42,0.0,8.192,1
1/23/18,1333.4,11223.064,0.8,-290.356,1,0
1/24/18,1353.7,11282.25833,20.3,59.1943,1,1
1/25/18,1354.95,11392.03,1.25,109.7717,1,1
1/26/18,1353.15,10969.815,-1.8,-422.215,0,0
1/27/18,1343.85,11524.77667,-9.3,554.9617,0,1
1/28/18,1343.85,11431.37,0.0,-93.4067,0
1/29/18,1343.85,11212.655,0.0,-218.715,0
1/30/18,1344.9,10184.06167,1.05,-1028.5933,1,0
1/31/18,1345.05,10082.52,0.15,-101.5417,1,0
2/1/18,1341.35,9083.258333,-3.7,-999.2617,0,0
2/2/18,1331.15,8901.901667,-10.2,-181.3567,0,0
2/3/18,1333.6,8852.73,2.45,-49.1717,1,0
2/4/18,1333.6,8400.648333,0.0,-452.0817,0
2/5/18,1333.6,6838.816667,0.0,-1561.8317,0
2/6/18,1331.4,6925.46,-2.2,86.6433,0,1
2/7/18,1324.65,8099.958333,-6.75,1174.4983,0,1
2/8/18,1315.45,8240.536667,-9.2,140.5783,0,1
2/9/18,1314.1,8245.08,-1.35,4.5433,0,1
2/10/18,1322.3,8319.876566,8.2,74.7966,1,1
2/11/18,1322.3,8343.455,0.0,23.5784,1
2/12/18,1322.3,8068.02,0.0,-275.435,0
2/13/18,1325.35,8597.7675,3.05,529.7475,1,1
2/14/18,1336.25,9334.633333,10.9,736.8658,1,1
2/15/18,1352.45,9471.64,16.2,137.0067,1,1
2/16/18,1352.1,10127.16167,-0.35,655.5217,0,1
2/17/18,1346.6,10841.99167,-5.5,714.83,0,1
2/18/18,1346.6,11085.83,0.0,243.8383,1
2/19/18,1346.6,11110.965,0.0,25.135,1
2/20/18,1339.85,11390.39167,-6.75,279.4267,0,1
2/21/18,1330.5,11245.98,-9.35,-144.4117,0,0
2/22/18,1328.35,9931.071667,-2.15,-1314.9083,0,0
2/23/18,1327.95,10162.11667,-0.4,231.045,0,1
2/24/18,1333.5,10171.3,5.55,9.1833,1,1
2/25/18,1333.5,9696.593333,0.0,-474.7067,0
2/26/18,1333.5,10348.60333,0.0,652.01,1
2/27/18,1325.75,10319.46,-7.75,-29.1433,0,0
2/28/18,1317.85,10370.165,-7.9,50.705,0,1
3/1/18,1307.75,11009.38167,-10.1,639.2167,0,1
3/2/18,1322.3,10931.12,14.55,-78.2617,1,0
3/3/18,1320.4,11326.94833,-1.9,395.8283,0,1
3/4/18,1320.4,11430.18167,0.0,103.2333,1
3/5/18,1320.4,11516.83,0.0,86.6483,1
3/6/18,1331.4,10763.19833,11.0,-753.6317,1,0
3/7/18,1329.4,10118.058,-2.0,-645.1403,0,0
3/8/18,1321.0,9920.46,-8.4,-197.598,0,0
3/9/18,1320.6,9089.278333,-0.4,-831.1817,0,0
3/10/18,1319.15,8746.002,-1.45,-343.2763,0,0
3/11/18,1319.15,8777.37,0.0,31.368,1
3/12/18,1319.15,9182.843333,0.0,405.4733,1
3/13/18,1322.75,9154.7,3.6,-28.1433,1,0
3/14/18,1323.55,9153.54,0.8,-1.16,1,0
3/15/18,1318.75,8358.121667,-4.8,-795.4183,0,0
3/16/18,1310.1,8530.402,-8.65,172.2803,0,1
3/17/18,1312.4,8297.89,2.3,-232.512,1,0
3/18/18,1312.4,8171.415,0.0,-126.475,0
3/19/18,1312.4,8412.033333,0.0,240.6183,1
3/20/18,1311.0,8605.64,-1.4,193.6067,0,1
3/21/18,1321.35,8947.753333,10.35,342.1133,1,1
3/22/18,1329.15,8690.408333,7.8,-257.345,1,0
3/23/18,1346.6,8725.37,17.45,34.9617,1,1
3/24/18,1352.4,8662.378333,5.8,-62.9917,1,0
3/25/18,1352.4,8617.296667,0.0,-45.0817,0
3/26/18,1352.4,8457.96,0.0,-159.3367,0
3/27/18,1341.45,7876.195,-10.95,-581.765,0,0
3/28/18,1332.45,7960.38,-9.0,84.185,0,1
3/29/18,1323.85,7950.61,-8.6,-9.77,0,0
3/30/18,1333.45,6882.531667,9.6,-1068.0783,1,0
3/31/18,1333.45,6935.48,0.0,52.9483,1
4/1/18,1333.45,6937.56,0.0,2.08,1
4/2/18,1333.45,7035.848333,0.0,98.2883,1
4/3/18,1333.45,7410.435,0.0,374.5867,1
4/4/18,1337.3,7426.48,3.85,16.045,1,1
4/5/18,1327.7,6826.51,-9.6,-599.97,0,0
4/6/18,1331.2,6603.876667,3.5,-222.6333,1,0
4/7/18,1331.95,6634.68,0.75,30.8033,1,1
4/8/18,1331.95,7017.656667,0.0,382.9767,1
4/9/18,1331.95,6699.273333,0.0,-318.3833,0
4/10/18,1338.95,6784.41,7.0,85.1367,1,1
4/11/18,1350.75,6926.266667,11.8,141.8567,1,1
4/12/18,1341.35,7847.845,-9.4,921.5783,0,1
4/13/18,1343.7,7941.46,2.35,93.615,1,1
4/14/18,1349.35,8036.511051,5.65,95.0511,1,1
4/15/18,1349.35,8340.748333,0.0,304.2373,1
4/16/18,1349.35,8368.1,0.0,27.3517,1
4/17/18,1342.1,7895.416926,-7.25,-472.6831,0,0
4/18/18,1351.45,8164.937426,9.35,269.5205,1,1
4/19/18,1348.6,8175.96,-2.85,11.0226,0,1
4/20/18,1336.75,8852.718333,-11.85,676.7583,0,1
4/21/18,1324.3,8807.205,-12.45,-45.5133,0,0
4/22/18,1324.3,8930.6,0.0,123.395,1
4/23/18,1324.3,8933.861667,0.0,3.2617,1
4/24/18,1328.85,9555.542,4.55,621.6803,1,1
4/25/18,1321.65,9658.11,-7.2,102.568,0,1
4/26/18,1320.7,9258.398333,-0.95,-399.7117,0,0
4/27/18,1321.5,9010.32,0.8,-248.0783,1,0
4/28/18,1313.2,8928.55,-8.3,-81.77,0,0
4/29/18,1313.2,9334.281667,0.0,405.7317,1
4/30/18,1313.2,9259.57,0.0,-74.7117,0
5/1/18,1307.1,9239.55,-6.1,-20.02,0,0
5/2/18,1304.2,9221.426,-2.9,-18.124,0,0
5/3/18,1315.05,9639.268333,10.85,417.8423,1,1
5/4/18,1309.4,9753.35,-5.65,114.0817,0,1
5/5/18,1306.6,9803.306667,-2.8,49.9567,0,1
5/6/18,1306.6,9630.136277,0.0,-173.1704,0
5/7/18,1306.6,9631.44,0.0,1.3037,1
5/8/18,1306.6,9228.608333,0.0,-402.8317,0
5/9/18,1313.85,9322.041667,7.25,93.4333,1,1
5/10/18,1318.8,9310.37,4.95,-11.6717,1,0
5/11/18,1324.35,8468.788,5.55,-841.582,1,0
5/12/18,1319.85,8484.346667,-4.5,15.5587,0,1
5/13/18,1319.85,8463.52,0.0,-20.8267,0
5/14/18,1319.85,8652.038333,0.0,188.5183,1
5/15/18,1295.0,8511.458,-24.85,-140.5803,0,0
5/16/18,1291.25,8471.06,-3.75,-40.398,0,0
5/17/18,1289.5,8106.118333,-1.75,-364.9417,0,0
5/18/18,1288.3,8240.055,-1.2,133.9367,0,1
5/19/18,1288.35,8239.08,0.05,-0.975,1,0
5/20/18,1288.35,8507.406667,0.0,268.3267,1
5/21/18,1288.35,8385.556187,0.0,-121.8505,0
5/22/18,1293.05,8396.63,4.7,11.0738,1,1
5/23/18,1289.0,7555.74,-4.05,-840.89,0,0
5/24/18,1304.85,7566.193333,15.85,10.4533,1,1
5/25/18,1303.5,7576.78,-1.35,10.5867,0,1
5/26/18,1295.5,7342.908333,-8.0,-233.8717,0,0
5/27/18,1295.5,7361.831667,0.0,18.9233,1
5/28/18,1295.5,7344.56,0.0,-17.2717,0
5/29/18,1295.5,7459.876667,0.0,115.3167,1
5/30/18,1300.7,7385.395,5.2,-74.4817,1,0
5/31/18,1305.35,7386.72,4.65,1.325,1,1
6/1/18,1294.6,7535.146667,-10.75,148.4267,0,1
6/2/18,1295.45,7645.146667,0.85,110.0,1,1
6/3/18,1295.45,7637.14,0.0,-8.0067,0
6/4/18,1295.45,7500.273333,0.0,-136.8667,0
6/5/18,1292.05,7615.722142,-3.4,115.4488,0,1
6/6/18,1300.1,7619.43,8.05,3.7079,1,1
6/7/18,1297.25,7676.271667,-2.85,56.8417,0,1
6/8/18,1298.25,7620.153333,1.0,-56.1183,1,0
6/9/18,1299.6,7615.54,1.35,-4.6133,1,0
6/10/18,1299.6,6776.888333,0.0,-838.6517,0
6/11/18,1299.6,6875.678333,0.0,98.79,1
6/12/18,1298.65,6879.31,-0.95,3.6317,0,1
6/13/18,1296.15,6315.7,-2.5,-563.61,0,0
6/14/18,1302.75,6647.013333,6.6,331.3133,1,1
6/15/18,1285.25,6637.41,-17.5,-9.6033,0,0
6/16/18,1281.55,6509.426667,-3.7,-127.9833,0,0
6/17/18,1281.55,6464.411667,0.0,-45.015,0
6/18/18,1281.55,6445.79,0.0,-18.6217,0
6/19/18,1276.15,6737.0,-5.4,291.21,0,1
6/20/18,1274.2,6714.718333,-1.95,-22.2817,0,0
6/21/18,1266.15,6760.83,-8.05,46.1117,0,1
6/22/18,1269.15,6332.573333,3.0,-428.2567,1,0
6/23/18,1268.7,6141.605833,-0.45,-190.9675,0,0
6/24/18,1268.7,6170.46,0.0,28.8542,1
6/25/18,1268.7,6211.4475,0.0,40.9875,1
6/26/18,1260.3,6218.595,-8.4,7.1475,0,1
6/27/18,1254.6,6097.46,-5.7,-121.135,0,0
6/28/18,1251.55,6107.896154,-3.05,10.4362,0,1
6/29/18,1250.45,5908.7025,-1.1,-199.1937,0,0
6/30/18,1247.8,6223.28,-2.65,314.5775,0,1
7/1/18,1247.8,6374.754167,0.0,151.4742,1
7/2/18,1247.8,6466.069167,0.0,91.315,1
7/3/18,1251.75,6626.44,3.95,160.3708,1,1
7/4/18,1255.65,6593.289167,3.9,-33.1508,1,0
7/5/18,1255.5,6603.376667,-0.15,10.0875,0,1
7/6/18,1255.35,6555.51,-0.15,-47.8667,0,0
7/7/18,1262.05,6594.281667,6.7,38.7717,1,1
7/8/18,1262.05,6753.559167,0.0,159.2775,1
7/9/18,1262.05,6724.04,0.0,-29.5192,0
7/10/18,1254.0,6510.791667,-8.05,-213.2483,0,0
7/11/18,1251.4,6377.363333,-2.6,-133.4283,0,0
7/12/18,1245.9,6403.18,-5.5,25.8167,0,1
7/13/18,1241.7,6244.3575,-4.2,-158.8225,0,0
7/14/18,1241.1,6241.0,-0.6,-3.3575,0,0
7/15/18,1241.1,6248.84,0.0,7.84,1
7/16/18,1241.1,6514.390833,0.0,265.5508,1
7/17/18,1232.8,6869.910833,-8.3,355.52,0,1
7/18/18,1224.5,7321.62,-8.3,451.7092,0,1
7/19/18,1217.55,7396.401667,-6.95,74.7817,0,1
7/20/18,1228.75,7428.045,11.2,31.6433,1,1
7/21/18,1224.95,7334.99,-3.8,-93.055,0,0
7/22/18,1224.95,7451.289167,0.0,116.2992,1
7/23/18,1224.95,7689.884167,0.0,238.595,1
7/24/18,1228.35,7715.1,3.4,25.2158,1,1
7/25/18,1231.5,8251.165,3.15,536.065,1,1
7/26/18,1228.25,8187.324167,-3.25,-63.8408,0,0
7/27/18,1223.95,7939.81,-4.3,-247.5142,0,0
7/28/18,1223.8,8182.251667,-0.15,242.4417,0,1
7/29/18,1223.8,8206.341667,0.0,24.09,1
7/30/18,1223.8,8220.91,0.0,14.5683,1
7/31/18,1220.95,7916.800833,-2.85,-304.1092,0,0
8/1/18,1219.0,7570.869167,-1.95,-345.9317,0,0
8/2/18,1215.45,7607.7,-3.55,36.8308,0,1
8/3/18,1216.3,7394.499167,0.85,-213.2008,1,0
8/4/18,1209.65,7247.769167,-6.65,-146.73,0,0
8/5/18,1209.65,7011.28,0.0,-236.4892,0
8/6/18,1209.65,6988.079167,0.0,-23.2008,0
8/7/18,1212.35,6993.513333,2.7,5.4342,1,1
8/8/18,1209.55,6718.23,-2.8,-275.2833,0,0
8/9/18,1214.35,6396.7725,4.8,-321.4575,1,0
8/10/18,1214.4,6396.494667,0.05,-0.2778,1,0
8/11/18,1200.35,6138.96,-14.05,-257.5347,0,0
8/12/18,1200.35,6311.131667,0.0,172.1717,1
8/13/18,1200.35,6347.07,0.0,35.9383,1
8/14/18,1197.0,6252.13,-3.35,-94.94,0,0
8/15/18,1182.0,6362.676923,-15.0,110.5469,0,1
8/16/18,1180.4,6342.629231,-1.6,-20.0477,0,0
8/17/18,1178.4,6312.75,-2.0,-29.8792,0,0
8/18/18,1184.35,6436.720833,5.95,123.9708,1,1
8/19/18,1184.35,6404.063333,0.0,-32.6575,0
8/20/18,1184.35,6486.58,0.0,82.5167,1
8/21/18,1190.95,6401.246154,6.6,-85.3338,1,0
8/22/18,1196.65,6575.229167,5.7,173.983,1,1
8/23/18,1192.35,6354.57,-4.3,-220.6592,0,0
8/24/18,1197.7,6543.645714,5.35,189.0757,1,1
8/25/18,1212.25,6719.429231,14.55,175.7835,1,1
8/26/18,1212.25,6738.27,0.0,18.8408,1
8/27/18,1212.25,6719.266154,0.0,-19.0038,0
8/28/18,1212.25,7000.04,0.0,280.7738,1
8/29/18,1204.2,7078.19,-8.05,78.15,0,1
8/30/18,1197.3,6932.6625,-6.9,-145.5275,0,0
8/31/18,1202.45,6981.946154,5.15,49.2837,1,1
9/1/18,1200.05,7018.78,-2.4,36.8338,0,1
9/2/18,1200.05,7247.935385,0.0,229.1554,1
9/3/18,1200.05,7260.949231,0.0,13.0138,1
9/4/18,1190.85,7265.08,-9.2,4.1308,0,1
9/5/18,1196.7,7113.069231,5.85,-152.0108,1,0
9/6/18,1205.15,6433.271667,8.45,-679.7976,1,0
9/7/18,1198.9,6501.19,-6.25,67.9183,0,1
9/8/18,1196.6,6366.1075,-2.3,-135.0825,0,0
9/9/18,1196.6,6286.425833,0.0,-79.6817,0
9/10/18,1196.6,6240.98,0.0,-45.4458,0
9/11/18,1189.85,6296.320833,-6.75,55.3408,0,1
9/12/18,1195.6,6273.1375,5.75,-23.1833,1,0
9/13/18,1209.8,6326.04,14.2,52.9025,1,1
9/14/18,1201.95,6499.0625,-7.85,173.0225,0,1
9/15/18,1201.9,6518.655,-0.05,19.5925,0,1
9/16/18,1201.9,6522.39,0.0,3.735,1
9/17/18,1201.9,6400.600833,0.0,-121.7892,0
9/18/18,1200.2,6296.631667,-1.7,-103.9692,0,0
9/19/18,1203.3,6342.39,3.1,45.7583,1,1
9/20/18,1208.35,6418.562667,5.05,76.1727,1,1
9/21/18,1198.7,6669.990833,-9.65,251.4282,0,1
9/22/18,1202.75,6756.12,4.05,86.1292,1,1
9/23/18,1202.75,6710.445,0.0,-45.675,0
9/24/18,1202.75,6639.304167,0.0,-71.1408,0
9/25/18,1201.9,6583.45,-0.85,-55.8542,0,0
9/26/18,1194.25,6468.631667,-7.65,-114.8183,0,0
9/27/18,1185.4,6535.476667,-8.85,66.845,0,1
9/28/18,1187.25,6686.08,1.85,150.6033,1,1
9/29/18,1189.35,6550.474167,2.1,-135.6058,1,0
9/30/18,1189.35,6593.135,0.0,42.6608,1
10/1/18,1189.35,6611.02,0.0,17.885,1
10/2/18,1204.7,6562.641667,15.35,-48.3783,1,0
10/3/18,1201.2,6470.4025,-3.5,-92.2392,0,0
10/4/18,1203.45,6483.73,2.25,13.3275,1,1
10/5/18,1203.8,6568.549167,0.35,84.8192,1,1
10/6/18,1186.95,6581.486667,-16.85,12.9375,0,1
10/7/18,1186.95,6573.62,0.0,-7.8667,0
10/8/18,1186.95,6618.567692,0.0,44.9477,1
10/9/18,1185.55,6621.711667,-1.4,3.144,0,1
10/10/18,1188.6,6626.85,3.05,5.1383,1,1
10/11/18,1205.55,6248.635833,16.95,-378.2142,1,0
10/12/18,1219.75,6260.530833,14.2,11.895,1,1
10/13/18,1229.95,6247.0,10.2,-13.5308,1,0
10/14/18,1229.95,6299.399167,0.0,52.3992,1
10/15/18,1229.95,6452.571667,0.0,153.1725,1
10/16/18,1230.7,6599.17,0.75,146.5983,1,1
10/17/18,1229.05,6596.276154,-1.65,-2.8938,0,0
10/18/18,1223.0,6568.040769,-6.05,-28.2354,0,0
10/19/18,1227.85,6509.61,4.85,-58.4308,1,0
10/20/18,1222.3,6488.825833,-5.55,-20.7842,0,0
10/21/18,1222.3,6531.601667,0.0,42.7758,1
10/22/18,1222.3,6504.78,0.0,-26.8217,0
10/23/18,1235.95,6481.426,13.65,-23.354,1,0
10/24/18,1230.55,6508.31,-5.4,26.884,0,1
10/25/18,1230.8,6489.77,0.25,-18.54,1,0
10/26/18,1233.85,6473.753333,3.05,-16.0167,1,0
10/27/18,1230.8,6465.9175,-3.05,-7.8358,0,0
10/28/18,1230.8,6457.21,0.0,-8.7075,0
10/29/18,1230.8,6382.668333,0.0,-74.5417,0
10/30/18,1225.4,6309.452857,-5.4,-73.2155,0,0
10/31/18,1214.95,6301.61,-10.45,-7.8429,0,0
11/1/18,1231.15,6342.280833,16.2,40.6708,1,1
11/2/18,1232.1,6387.674167,0.95,45.3933,1,1
11/3/18,1232.25,6390.42,0.15,2.7458,1,1
11/4/18,1232.25,6391.873333,0.0,1.4533,1
11/5/18,1232.25,6436.965,0.0,45.0917,1
11/6/18,1231.6,6437.76,-0.65,0.795,0,1
11/7/18,1229.95,6538.79,-1.65,101.03,0,1
11/8/18,1224.15,6486.251667,-5.8,-52.5383,0,0
11/9/18,1211.4,6444.97,-12.75,-41.2817,0,0
11/10/18,1205.55,6399.033333,-5.85,-45.9367,0,0
11/11/18,1205.55,6378.268333,0.0,-20.765,0
11/12/18,1205.55,6408.53,0.0,30.2617,1
11/13/18,1202.1,6372.063333,-3.45,-36.4667,0,0
11/14/18,1203.25,6176.155,1.15,-195.9083,1,0
11/15/18,1211.85,5756.77,8.6,-419.385,1,0
11/16/18,1222.4,5596.1925,10.55,-160.5775,1,0
11/17/18,1221.6,5558.243333,-0.8,-37.9492,0,0
11/18/18,1221.6,5572.44,0.0,14.1967,1
11/19/18,1221.6,5303.9425,0.0,-268.4975,0
11/20/18,1223.0,4671.97,1.4,-631.9725,1,0
11/21/18,1226.1,4491.98,3.1,-179.99,1,0
11/22/18,1227.05,4548.7975,0.95,56.8175,1,1
11/23/18,1223.65,4309.3375,-3.4,-239.46,0,0
11/24/18,1223.4,4352.98,-0.25,43.6425,0,1
11/25/18,1223.4,3823.511667,0.0,-529.4683,0
11/26/18,1223.4,3920.536667,0.0,97.025,1
11/27/18,1221.2,3793.35,-2.2,-127.1867,0,0
11/28/18,1213.25,4103.453846,-7.95,310.1038,0,1
11/29/18,1226.25,4263.783333,13.0,160.3295,1,1
11/30/18,1217.55,4278.77,-8.7,14.9867,0,1
12/1/18,1230.3,4116.7775,12.75,-161.9925,1,0
12/2/18,1230.3,4167.546667,0.0,50.7692,1
12/3/18,1230.3,4140.6,0.0,-26.9467,0
12/4/18,1240.3,3961.493333,10.0,-179.1067,1,0
12/5/18,1235.9,3858.349167,-4.4,-103.1442,0,0
12/6/18,1242.55,3744.98,6.65,-113.3692,1,0
12/7/18,1243.3,3405.643333,0.75,-339.3367,1,0
12/8/18,1245.35,3435.34,2.05,29.6967,1,1
12/9/18,1245.35,3453.66,0.0,18.32,1
12/10/18,1245.35,3523.96,0.0,70.3,1
12/11/18,1245.3,3426.19,-0.05,-97.77,0,0
12/12/18,1245.75,3407.28,0.45,-18.91,1,0
12/13/18,1242.75,3406.7625,-3.0,-0.5175,0,0
12/14/18,1235.35,3278.374167,-7.4,-128.3883,0,0
12/15/18,1241.65,3242.42,6.3,-35.9542,1,0
12/16/18,1241.65,3271.238333,0.0,28.8183,1
12/17/18,1241.65,3392.405,0.0,121.1667,1
12/18/18,1246.3,3556.54,4.65,164.135,1,1
12/19/18,1255.0,3808.0425,8.7,251.5025,1,1
12/20/18,1259.75,3982.850833,4.75,174.8083,1,1
12/21/18,1258.15,4135.19,-1.6,152.3392,0,1
12/22/18,nan,3910.973333,nan,-224.2167,0
12/23/18,nan,4027.478333,nan,116.505,1
12/24/18,nan,3995.17,nan,-32.3083,0
12/25/18,1268.0,3813.88,nan,-181.29,0
12/26/18,1268.0,3825.379167,0.0,11.4992,1
12/27/18,1268.0,3848.21,0.0,22.8308,1
12/28/18,1279.0,3743.905,11.0,-104.305,1,0
12/29/18,nan,3912.285833,nan,168.3808,1
12/30/18,nan,3770.36,nan,-141.9258,0
12/31/18,nan,3791.545833,nan,21.1858,1
1/1/19,1282.9,3752.271667,nan,-39.2742,0
1/2/19,1282.9,3855.88,0.0,103.6083,1
1/3/19,1290.45,3865.7975,7.55,9.9175,1,1
1/4/19,1279.9,3822.626667,-10.55,-43.1708,0,0
1/5/19,1292.2,3856.62,12.3,33.9933,1,1
1/6/19,1292.2,3920.456667,0.0,63.8367,1
1/7/19,1292.2,4036.093333,0.0,115.6367,1
1/8/19,1286.45,4032.25,-5.75,-3.8433,0,0
1/9/19,1288.6,4034.138333,2.15,1.8883,1,1
1/10/19,1291.9,3812.585833,3.3,-221.5525,1,0
1/11/19,1288.95,3646.25,-2.95,-166.3358,0,0
1/12/19,1292.75,3646.345833,3.8,0.0958,1,1
1/13/19,1292.75,3599.841667,0.0,-46.5042,0
1/14/19,1292.75,3531.96,0.0,-67.8817,0
1/15/19,1294.4,3656.785,1.65,124.825,1,1
1/16/19,1292.3,3621.270833,-2.1,-35.5142,0,0
1/17/19,1290.7,3621.43,-1.6,0.1592,0,1
1/18/19,1284.2,3632.395,-6.5,10.965,0,1
1/19/19,1279.55,3690.523333,-4.65,58.1283,0,1
1/20/19,1279.55,3703.98,0.0,13.4567,1
1/21/19,1279.55,3548.4275,0.0,-155.5525,0
1/22/19,1282.1,3540.02,2.55,-8.4075,1,0
1/23/19,1279.8,3587.35,-2.3,47.33,0,1
1/24/19,1283.7,3566.4,3.9,-20.95,1,0
1/25/19,1293.9,3586.25,10.2,19.85,1,1
1/26/19,1302.15,3577.79,8.25,-8.46,1,0
1/27/19,1302.15,3576.3,0.0,-1.49,0
1/28/19,1302.15,3554.5,0.0,-21.8,0
1/29/19,1307.55,3448.58,5.4,-105.92,1,0
1/30/19,1310.7,3421.6,3.15,-26.98,1,0
1/31/19,1323.25,3470.0,12.55,48.4,1,1
2/1/19,1318.7,3444.81,-4.55,-25.19,0,0
2/2/19,1312.15,3475.33,-6.55,30.52,0,1
2/3/19,1312.15,3506.22,0.0,30.89,1
2/4/19,1312.15,3456.02,0.0,-50.2,0
2/5/19,1314.2,3452.35,2.05,-3.67,1,0
2/6/19,1312.4,3467.34,-1.8,14.99,0,1
2/7/19,1310.0,3405.7,-2.4,-61.64,0,0
2/8/19,1314.85,3394.76,4.85,-10.94,1,0
2/9/19,1306.4,3661.08,-8.45,266.32,0,1
2/10/19,1306.4,3664.38,0.0,3.3,1
2/11/19,1306.4,3686.29,0.0,21.91,1
2/12/19,1310.0,3629.47,3.6,-56.82,1,0
2/13/19,1312.8,3632.42,2.8,2.95,1,1
2/14/19,1311.45,3614.5,-1.35,-17.92,0,0
2/15/19,1316.55,3600.31,5.1,-14.19,1,0
2/16/19,1325.5,3608.2,8.95,7.89,1,1
2/17/19,1325.5,3619.55,0.0,11.35,1
2/18/19,1325.5,3670.74,0.0,51.19,1
2/19/19,1334.15,3910.8,8.65,240.06,1,1
2/20/19,1343.75,3926.53,9.6,15.73,1,1
2/21/19,1331.25,3987.18,-12.5,60.65,0,1
2/22/19,1329.05,3944.88,-2.2,-42.3,0,0
2/23/19,1331.05,3983.48,2.0,38.6,1,1
2/24/19,1331.05,4139.6,0.0,156.12,1
2/25/19,1331.05,3766.89,0.0,-372.71,0
2/26/19,1325.05,3848.33,-6.0,81.44,0,1
2/27/19,1322.85,3831.45,-2.2,-16.88,0,0
2/28/19,1319.15,3833.23,-3.7,1.78,0,1
3/1/19,1311.95,3850.08,-7.2,16.85,0,1
3/2/19,1285.4,3834.62,-26.55,-15.46,0,0
3/3/19,1285.4,3831.44,0.0,-3.18,0
3/4/19,1285.4,3814.58,0.0,-16.86,0
3/5/19,1283.8,3730.98,-1.6,-83.6,0,0
3/6/19,1285.85,3872.25,2.05,141.27,1,1
3/7/19,1285.3,3876.85,-0.55,4.6,0,1
3/8/19,1296.75,3886.82,11.45,9.97,1,1
3/9/19,1292.75,3875.96,-4.0,-10.86,0,0
3/10/19,1292.75,3950.56,0.0,74.6,1
3/11/19,1292.75,3928.17,0.0,-22.39,0
3/12/19,1297.05,3881.09,4.3,-47.08,1,0
3/13/19,1306.95,3892.51,9.9,11.42,1,1
3/14/19,1295.55,3877.77,-11.4,-14.74,0,0
3/15/19,1303.5,3885.21,7.95,7.44,1,1
3/16/19,1305.6,3936.5,2.1,51.29,1,1
3/17/19,1305.6,4015.95,0.0,79.45,1
3/18/19,1305.6,3994.92,0.0,-21.03,0
3/19/19,1307.7,3998.77,2.1,3.85,1,1
3/20/19,1303.7,4029.11,-4.0,30.34,0,1
3/21/19,1309.6,4056.4,5.9,27.29,1,1
3/22/19,1311.3,3992.34,1.7,-64.06,1,0
3/23/19,1319.55,3999.06,8.25,6.72,1,1
3/24/19,1319.55,4011.92,0.0,12.86,1
3/25/19,1319.55,3994.11,0.0,-17.81,0
3/26/19,1316.3,3935.89,-3.25,-58.22,0,0
3/27/19,1309.7,3947.74,-6.6,11.85,0,1
3/28/19,1295.15,4048.51,-14.55,100.77,0,1
3/29/19,1295.4,4037.37,0.25,-11.14,1,0
3/30/19,1293.5,4115.55,-1.9,78.18,0,1
3/31/19,1293.5,4114.44,0.0,-1.11,0
4/1/19,1293.5,4114.16,0.0,-0.28,0
4/2/19,1290.3,4152.53,-3.2,38.37,0,1
4/3/19,1290.45,4882.88,0.15,730.35,1,1
4/4/19,1283.15,4959.81,-7.3,76.93,0,1
4/5/19,1288.45,4911.24,5.3,-48.57,1,0
4/6/19,1300.0,5028.77,11.55,117.53,1,1
4/7/19,1300.0,5053.52,0.0,24.75,1
4/8/19,1300.0,5189.39,0.0,135.87,1
4/9/19,1303.0,5268.71,3.0,79.32,1,1
4/10/19,1305.45,5175.81,2.45,-92.9,1,0
4/11/19,1298.8,5310.18,-6.65,134.37,0,1
4/12/19,1294.3,5035.02,-4.5,-275.16,0,0
4/13/19,1285.65,5072.85,-8.65,37.83,0,1
4/14/19,1285.65,5064.62,0.0,-8.23,0
4/15/19,1285.65,5152.51,0.0,87.89,1
4/16/19,1276.35,5036.18,-9.3,-116.33,0,0
4/17/19,1275.85,5196.65,-0.5,160.47,0,1
4/18/19,1275.7,5220.37,-0.15,23.72,0,1
4/19/19,1269.5,5276.31,-6.2,55.94,0,1
4/20/19,1269.5,5277.04,0.0,0.73,1
4/21/19,1269.5,5309.28,0.0,32.24,1
4/22/19,1269.5,5281.83,0.0,-27.45,0
4/23/19,1269.5,5377.19,0.0,95.36,1
4/24/19,1271.65,5518.16,2.15,140.97,1,1
4/25/19,1280.8,5434.19,9.15,-83.97,1,0
4/26/19,1284.2,5195.61,3.4,-238.58,1,0
4/27/19,1279.5,5292.83,-4.7,97.22,0,1
4/28/19,1279.5,5280.19,0.0,-12.64,0
4/29/19,1279.5,5301.29,0.0,21.1,1
4/30/19,1282.3,5260.65,2.8,-40.64,1,0
5/1/19,1283.8,5269.79,1.5,9.14,1,1
5/2/19,1270.95,5326.67,-12.85,56.88,0,1
5/3/19,1278.55,5390.16,7.6,63.49,1,1
5/4/19,1281.2,5657.14,2.65,266.98,1,1
5/5/19,1281.2,5771.08,0.0,113.94,1
5/6/19,1281.2,5717.66,0.0,-53.42,0
5/7/19,1281.2,5684.47,0.0,-33.19,0
5/8/19,1285.2,5755.72,4.0,71.25,1,1
5/9/19,1286.1,5936.72,0.9,181.0,1,1
5/10/19,1287.1,6146.91,1.0,210.19,1,1
5/11/19,1295.6,6348.02,8.5,201.11,1,1
5/12/19,1295.6,7248.31,0.0,900.29,1
5/13/19,1295.6,6978.63,0.0,-269.68,0
5/14/19,1298.4,7823.11,2.8,844.48,1,1
5/15/19,1299.1,7992.69,0.7,169.58,1,1
5/16/19,1291.7,8206.9,-7.4,214.21,0,1
5/17/19,1280.8,7885.96,-10.9,-320.94,0,0
5/18/19,1276.85,7362.22,-3.95,-523.74,0,0
5/19/19,1276.85,7265.05,0.0,-97.17,0
5/20/19,1276.85,8193.7,0.0,928.65,1
5/21/19,1271.15,8007.03,-5.7,-186.67,0,0
5/22/19,1273.8,7952.5,2.65,-54.53,1,0
5/23/19,1283.65,7625.93,9.85,-326.57,1,0
5/24/19,1282.5,7880.29,-1.15,254.36,0,1
5/25/19,1278.3,8003.26,-4.2,122.97,0,1
5/26/19,1278.3,8071.45,0.0,68.19,1
5/27/19,1278.3,8744.42,0.0,672.97,1
5/28/19,1278.3,8770.06,0.0,25.64,1
5/29/19,1281.65,8719.88,3.35,-50.18,1,0
5/30/19,1280.95,8662.98,-0.7,-56.9,0,0
5/31/19,1295.55,8272.46,14.6,-390.52,1,0
6/1/19,1317.1,8553.81,21.55,281.35,1,1
6/2/19,1317.1,8554.8,0.0,0.99,1
6/3/19,1317.1,8739.03,0.0,184.23,1
6/4/19,1324.25,8134.92,7.15,-604.11,1,0
6/5/19,1335.05,7675.8,10.8,-459.12,1,0
6/6/19,1335.5,7786.04,0.45,110.24,1,1
6/7/19,1340.65,7803.23,5.15,17.19,1,1
6/8/19,1328.6,7998.29,-12.05,195.06,0,1
6/9/19,1328.6,7931.34,0.0,-66.95,0
6/10/19,1328.6,7640.61,0.0,-290.73,0
6/11/19,1324.3,8020.38,-4.3,379.77,0,1
6/12/19,1332.35,7917.58,8.05,-102.8,1,0
6/13/19,1335.9,8173.06,3.55,255.48,1,1
6/14/19,1351.25,8237.88,15.35,64.82,1,1
6/15/19,1341.3,8693.6,-9.95,455.72,0,1
6/16/19,1341.3,8859.47,0.0,165.87,1
6/17/19,1341.3,8978.99,0.0,119.52,1
6/18/19,1341.35,9327.48,0.05,348.49,1,1
6/19/19,1344.05,9076.18,2.7,-251.3,1,0
6/20/19,1379.5,9281.7,35.45,205.52,1,1
6/21/19,1397.15,9531.35,17.65,249.65,1,1
6/22/19,1405.7,10209.38,8.55,678.03,1,1
6/23/19,1405.7,10668.63,0.0,459.25,1
6/24/19,1405.7,10814.48,0.0,145.85,1
6/25/19,1431.4,11017.5,25.7,203.02,1,1
6/26/19,1403.95,11766.4,-27.45,748.9,0,1
6/27/19,1402.5,12932.55,-1.45,1166.15,0,1
6/28/19,1409.0,11132.85,6.5,-1799.7,1,0
6/29/19,1390.1,12374.35,-18.9,1241.5,0,1
6/30/19,1390.1,11890.38,0.0,-483.97,0
7/1/19,1390.1,10737.73,0.0,-1152.65,0
7/2/19,1391.05,10578.72,0.95,-159.01,1,0
7/3/19,1413.5,10805.4,22.45,226.68,1,1
7/4/19,1414.9,11984.76,1.4,1179.36,1,1
7/5/19,1388.65,11160.49,-26.25,-824.27,0,0
7/6/19,1400.1,10955.16,11.45,-205.33,1,0
7/7/19,1400.1,11232.04,0.0,276.88,1
7/8/19,1400.1,11477.01,0.0,244.97,1
7/9/19,1391.55,12313.08,-8.55,836.07,0,1
7/10/19,1408.3,12586.78,16.75,273.7,1,1
7/11/19,1413.75,12099.9,5.45,-486.88,1,0
7/12/19,1407.6,11352.87,-6.15,-747.03,0,0
7/13/19,1412.4,11803.97,4.8,451.1,1,1
7/14/19,1412.4,11389.1,0.0,-414.87,0
7/15/19,1412.4,10186.96,0.0,-1202.14,0
7/16/19,1409.85,10873.5,-2.55,686.54,0,1
7/17/19,1410.35,9397.72,0.5,-1475.78,1,0
7/18/19,1417.45,9674.28,7.1,276.56,1,1
7/19/19,1439.7,10638.56,22.25,964.28,1,1
7/20/19,1427.75,10535.75,-11.95,-102.81,0,0
7/21/19,1427.75,10764.9,0.0,229.15,1
7/22/19,1427.75,10587.41,0.0,-177.49,0
7/23/19,1425.55,10323.62,-2.2,-263.79,0,0
7/24/19,1426.95,9844.3,1.4,-479.32,1,0
7/25/19,1416.1,9772.17,-10.85,-72.13,0,0
7/26/19,1420.4,9875.17,4.3,103.0,1,1
7/27/19,1419.05,9848.65,-1.35,-26.52,0,0
7/28/19,1419.05,9473.99,0.0,-374.66,0
7/29/19,1419.05,9530.0,0.0,56.01,1
7/30/19,1425.9,9501.33,6.85,-28.67,1,0
7/31/19,1427.55,9589.13,1.65,87.8,1,1
8/1/19,1406.8,10084.7,-20.75,495.57,0,1
8/2/19,1441.75,10407.17,34.95,322.47,1,1
8/3/19,1465.25,10529.55,23.5,122.38,1,1
8/4/19,1465.25,10814.57,0.0,285.02,1
8/5/19,1465.25,10980.23,0.0,165.66,1
8/6/19,1465.25,11787.99,0.0,807.76,1
8/7/19,1506.05,11465.67,40.8,-322.32,1,0
8/8/19,1495.75,11960.82,-10.3,495.15,0,1
8/9/19,1497.7,11996.41,1.95,35.59,1,1
8/10/19,1504.7,11856.64,7.0,-139.77,1,0
8/11/19,1504.7,11282.22,0.0,-574.42,0
8/12/19,1504.7,11566.84,0.0,284.62,1
8/13/19,1498.4,11386.26,-6.3,-180.58,0,0
8/14/19,1513.25,10858.12,14.85,-528.14,1,0
8/15/19,1515.65,10016.96,2.4,-841.16,1,0
8/16/19,1515.25,10302.17,-0.4,285.21,0,1
8/17/19,1496.6,10359.44,-18.65,57.27,0,1
8/18/19,1496.6,10214.52,0.0,-144.92,0
8/19/19,1496.6,10317.6,0.0,103.08,1
8/20/19,1504.55,10917.26,7.95,599.66,1,1
8/21/19,1503.25,10760.56,-1.3,-156.7,0,0
8/22/19,1502.05,10129.4,-1.2,-631.16,0,0
8/23/19,1503.8,10111.98,1.75,-17.42,1,0
8/24/19,1532.95,10405.81,29.15,293.83,1,1
8/25/19,1532.95,10143.8,0.0,-262.01,0
8/26/19,1532.95,10135.06,0.0,-8.74,0
8/27/19,1532.95,10360.28,0.0,225.22,1
8/28/19,1537.15,10171.95,4.2,-188.33,1,0
8/29/19,1540.2,9717.82,3.05,-454.13,1,0
8/30/19,1528.4,9484.55,-11.8,-233.27,0,0
8/31/19,1525.95,9577.99,-2.45,93.44,0,1
9/1/19,1525.95,9600.9,0.0,22.91,1
9/2/19,1525.95,9769.79,0.0,168.89,1
9/3/19,1537.85,10386.64,11.9,616.85,1,1
9/4/19,1546.1,10621.29,8.25,234.65,1,1
9/5/19,1529.1,10584.16,-17.0,-37.13,0,0
9/6/19,1523.7,10577.8,-5.4,-6.36,0,0
9/7/19,1509.2,10317.47,-14.5,-260.33,0,0
9/8/19,1509.2,10487.21,0.0,169.74,1
9/9/19,1509.2,10406.31,0.0,-80.9,0
9/10/19,1498.25,10313.66,-10.95,-92.65,0,0
9/11/19,1490.65,10101.03,-7.6,-212.63,0,0
9/12/19,1515.2,10159.32,24.55,58.29,1,1
9/13/19,1503.1,10420.16,-12.1,260.84,0,1
9/14/19,1497.2,10363.9,-5.9,-56.26,0,0
9/15/19,1497.2,10361.33,0.0,-2.57,0
9/16/19,1497.2,10310.43,0.0,-50.9,0
9/17/19,1502.1,10265.63,4.9,-44.8,1,0
9/18/19,1503.5,10190.36,1.4,-75.27,1,0
9/19/19,1500.7,10157.59,-2.8,-32.77,0,0
9/20/19,1501.9,10275.88,1.2,118.29,1,1
9/21/19,1522.1,10173.11,20.2,-102.77,1,0
9/22/19,1522.1,9979.49,0.0,-193.62,0
9/23/19,1522.1,10033.05,0.0,53.56,1
9/24/19,1520.65,9683.38,-1.45,-349.67,0,0
9/25/19,1528.75,8553.61,8.1,-1129.77,1,0
9/26/19,1506.4,8432.23,-22.35,-121.38,0,0
9/27/19,1489.9,8055.64,-16.5,-376.59,0,0
9/28/19,1485.3,8193.9,-4.6,138.26,0,1
9/29/19,1485.3,8225.0,0.0,31.1,1
9/30/19,1485.3,8056.74,0.0,-168.26,0
10/1/19,1473.45,8307.74,-11.85,251.0,0,1
10/2/19,1492.6,8322.92,19.15,15.18,1,1
10/3/19,1517.1,8382.03,24.5,59.11,1,1
10/4/19,1499.15,8236.17,-17.95,-145.86,0,0
10/5/19,1501.25,8155.48,2.1,-80.69,1,0
10/6/19,1501.25,8147.69,0.0,-7.79,0
10/7/19,1501.25,7869.74,0.0,-277.95,0
10/8/19,1505.85,8212.02,4.6,342.28,1,1
10/9/19,1507.25,8190.0,1.4,-22.02,1,0
10/10/19,1494.8,8587.92,-12.45,397.92,0,1
10/11/19,1479.15,8586.9,-15.65,-1.02,0,0
10/12/19,1490.6,8269.73,11.45,-317.17,1,0
10/13/19,1490.6,8308.01,0.0,38.28,1
10/14/19,1490.6,8283.76,0.0,-24.25,0
10/15/19,1487.8,8353.54,-2.8,69.78,0,1
10/16/19,1485.1,8162.16,-2.7,-191.38,0,0
10/17/19,1492.65,8002.51,7.55,-159.65,1,0
10/18/19,1490.0,8076.78,-2.65,74.27,0,1
10/19/19,1491.65,7954.15,1.65,-122.63,1,0
10/20/19,1491.65,7960.04,0.0,5.89,1
10/21/19,1491.65,8231.06,0.0,271.02,1
10/22/19,1485.35,8222.52,-6.3,-8.54,0,0
10/23/19,1494.45,8026.76,9.1,-195.76,1,0
10/24/19,1496.55,7469.56,2.1,-557.2,1,0
10/25/19,1513.45,7431.88,16.9,-37.68,1,0
10/26/19,1492.4,8666.79,-21.05,1234.91,0,1
10/27/19,1492.4,9259.8,0.0,593.01,1
10/28/19,1492.4,9551.54,0.0,291.74,1
10/29/19,1486.75,9218.76,-5.65,-332.78,0,0
10/30/19,1492.1,9433.35,5.35,214.59,1,1
10/31/19,1510.95,9164.62,18.85,-268.73,1,0
11/1/19,1508.8,9147.98,-2.15,-16.64,0,0
11/2/19,1509.45,9252.99,0.65,105.01,1,1
11/3/19,1509.45,9301.18,0.0,48.19,1
11/4/19,1509.45,9206.16,0.0,-95.02,0
11/5/19,1488.95,9418.05,-20.5,211.89,0,1
11/6/19,1486.05,9310.19,-2.9,-107.86,0,0
11/7/19,1484.25,9343.34,-1.8,33.15,0,1
11/8/19,1464.15,9204.24,-20.1,-139.1,0,0
11/9/19,1458.7,8766.04,-5.45,-438.2,0,0
11/10/19,1458.7,8809.41,0.0,43.37,1
11/11/19,1458.7,9037.12,0.0,227.71,1
11/12/19,1452.05,8717.81,-6.65,-319.31,0,0
11/13/19,1462.9,8801.52,10.85,83.71,1,1
11/14/19,1466.65,8762.42,3.75,-39.1,1,0
11/15/19,1466.9,8632.32,0.25,-130.1,1,0
11/16/19,1467.65,8457.69,0.75,-174.63,1,0
11/17/19,1467.65,8482.7,0.0,25.01,1
11/18/19,1467.65,8503.93,0.0,21.23,1
11/19/19,1468.45,8175.99,0.8,-327.94,1,0
11/20/19,1471.7,8120.8,3.25,-55.19,1,0
11/21/19,1467.05,8081.81,-4.65,-38.99,0,0
11/22/19,1464.45,7617.07,-2.6,-464.74,0,0
11/23/19,1458.4,7286.35,-6.05,-330.72,0,0
11/24/19,1458.4,7324.03,0.0,37.68,1
11/25/19,1458.4,6907.4,0.0,-416.63,0
11/26/19,1454.65,7130.25,-3.75,222.85,0,1
11/27/19,1454.35,7163.63,-0.3,33.38,0,1
11/28/19,1454.65,7523.83,0.3,360.2,1,1
11/29/19,1460.15,7431.0,5.5,-92.83,1,0
11/30/19,1461.15,7757.47,1.0,326.47,1,1
12/1/19,1461.15,7557.72,0.0,-199.75,0
12/2/19,1461.15,7402.69,0.0,-155.03,0
12/3/19,1477.3,7309.59,16.15,-93.1,1,0
12/4/19,1475.1,7296.77,-2.2,-12.82,0,0
12/5/19,1475.95,7192.85,0.85,-103.92,1,0
12/6/19,1459.65,7395.97,-16.3,203.12,0,1
12/7/19,1461.7,7547.19,2.05,151.22,1,1
12/8/19,1461.7,7504.83,0.0,-42.36,0
12/9/19,1461.7,7522.39,0.0,17.56,1
12/10/19,1464.95,7337.42,3.25,-184.97,1,0
12/11/19,1466.8,7220.76,1.85,-116.66,1,0
12/12/19,1467.8,7202.31,1.0,-18.45,1,0
12/13/19,1466.6,7189.16,-1.2,-13.15,0,0
12/14/19,1477.9,7251.87,11.3,62.71,1,1
12/15/19,1477.9,7067.74,0.0,-184.13,0
12/16/19,1477.9,7111.14,0.0,43.4,1
12/17/19,1475.8,6879.54,-2.1,-231.6,0,0
12/18/19,1474.05,6612.12,-1.75,-267.42,0,0
12/19/19,1476.7,7284.29,2.65,672.17,1,1
12/20/19,1479.0,7150.86,2.3,-133.43,1,0
12/21/19,1482.1,7190.17,3.1,39.31,1,1
12/22/19,1482.1,7143.2,0.0,-46.97,0
12/23/19,1482.1,7514.41,0.0,371.21,1
12/24/19,nan,7322.08,nan,-192.33,0
12/25/19,1511.5,7250.69,nan,-71.39,0
12/26/19,1511.5,7192.72,0.0,-57.97,0
12/27/19,1511.5,7194.4,0.0,1.68,1
12/28/19,1514.75,7243.93,3.25,49.53,1,1
12/29/19,1514.75,7301.07,0.0,57.14,1
12/30/19,1514.75,7385.36,0.0,84.29,1
12/31/19,nan,7219.6,nan,-165.76,0
1/1/20,1527.1,7168.31,nan,-51.29,0
1/2/20,1527.1,7175.68,0.0,7.37,1
1/3/20,1548.75,6944.33,21.65,-231.35,1,0
1/4/20,1573.1,7326.35,24.35,382.02,1,1
1/5/20,1573.1,7347.89,0.0,21.54,1
1/6/20,1573.1,7351.57,0.0,3.68,1
1/7/20,1567.85,7759.24,-5.25,407.67,0,1
1/8/20,1571.95,8165.47,4.1,406.23,1,1
1/9/20,1550.75,8042.65,-21.2,-122.82,0,0
1/10/20,1553.6,7817.92,2.85,-224.73,1,0
1/11/20,1549.9,8184.66,-3.7,366.74,0,1
1/12/20,1549.9,8021.49,0.0,-163.17,0
1/13/20,1549.9,8173.97,0.0,152.48,1
1/14/20,1545.1,8105.24,-4.8,-68.73,0,0
1/15/20,1549.0,8842.42,3.9,737.18,1,1
1/16/20,1554.55,8813.89,5.55,-28.53,1,0
1/17/20,1557.6,8722.03,3.05,-91.86,1,0
1/18/20,1560.15,8900.34,2.55,178.31,1,1
1/19/20,1560.15,8910.85,0.0,10.51,1
1/20/20,1560.15,8703.36,0.0,-207.49,0
1/21/20,1551.3,8626.47,-8.85,-76.89,0,0
1/22/20,1556.9,8722.26,5.6,95.79,1,1
1/23/20,1562.9,8658.94,6.0,-63.32,1,0
1/24/20,1564.3,8388.11,1.4,-270.83,1,0
1/25/20,1580.1,8428.17,15.8,40.06,1,1
1/26/20,1580.1,8327.36,0.0,-100.81,0
1/27/20,1580.1,8588.42,0.0,261.06,1
1/28/20,1574.0,8895.78,-6.1,307.36,0,1
1/29/20,1573.45,9385.69,-0.55,489.91,0,1
1/30/20,1578.25,9279.81,4.8,-105.88,1,0
1/31/20,1584.2,9502.37,5.95,222.56,1,1
2/1/20,1574.75,9333.77,-9.45,-168.6,0,0
2/2/20,1574.75,9378.09,0.0,44.32,1
2/3/20,1574.75,9314.56,0.0,-63.53,0
2/4/20,1558.35,9162.14,-16.4,-152.42,0,0
2/5/20,1553.3,9162.14,-5.05,0.0,0,
2/6/20,1563.3,9614.9,10.0,452.76,1,1
2/7/20,1572.65,9755.66,9.35,140.76,1,1
2/8/20,1573.2,9807.54,0.55,51.88,1,1
2/9/20,1573.2,9907.12,0.0,99.58,1
2/10/20,1573.2,10162.41,0.0,255.29,1
2/11/20,1570.5,9854.79,-2.7,-307.62,0,0
2/12/20,1563.7,10275.38,-6.8,420.59,0,1
2/13/20,1575.05,10354.3,11.35,78.92,1,1
2/14/20,1581.4,10242.43,6.35,-111.87,1,0
2/15/20,1580.8,10368.53,-0.6,126.1,0,1
2/16/20,1580.8,9904.17,0.0,-464.36,0
2/17/20,1580.8,9937.67,0.0,33.5,1
2/18/20,1589.85,9703.93,9.05,-233.74,1,0
2/19/20,1604.2,10180.65,14.35,476.72,1,1
2/20/20,1619.0,9604.72,14.8,-575.93,1,0
2/21/20,1643.3,9606.86,24.3,2.14,1,1
2/22/20,1671.65,9696.58,28.35,89.72,1,1
2/23/20,1671.65,9669.63,0.0,-26.95,0
2/24/20,1671.65,9989.39,0.0,319.76,1
2/25/20,1650.3,9663.75,-21.35,-325.64,0,0
2/26/20,1634.9,9309.15,-15.4,-354.6,0,0
2/27/20,1652.0,8785.52,17.1,-523.63,1,0
2/28/20,1609.85,8804.72,-42.15,19.2,0,1
3/1/20,1599.65,8712.35,-10.2,-92.37,0,0
2/29/20,1599.65,8534.17,0.0,-178.18,0
3/2/20,1599.65,8912.82,0.0,378.65,1
3/3/20,1615.5,8912.82,15.85,0.0,1,
3/4/20,1641.85,8754.34,26.35,-158.48,1,0
3/5/20,1659.6,8758.9,17.75,4.56,1,1
3/7/20,1683.65,9067.39,24.05,308.49,1,1
3/8/20,1683.65,9155.89,0.0,88.5,1
3/6/20,1683.65,8898.63,0.0,-257.26,0
3/9/20,1672.5,8039.38,-11.15,-859.25,0,0
3/10/20,1655.7,7931.94,-16.8,-107.44,0,0
3/11/20,1653.75,7885.46,-1.95,-46.48,0,0
3/12/20,1570.7,7936.65,-83.05,51.19,0,1
3/14/20,1562.8,4830.21,-7.9,-3106.44,0,0
3/15/20,1562.8,5609.03,0.0,778.82,1
3/13/20,1562.8,5166.26,0.0,-442.77,0
3/16/20,1487.7,5348.44,-75.1,182.18,0,1
3/17/20,1536.2,5026.35,48.5,-322.09,1,0
3/18/20,1498.2,5357.61,-38.0,331.26,0,1
3/19/20,1474.25,5410.23,-23.95,52.62,0,1
3/21/20,1494.4,6195.2,20.15,784.97,1,1
3/22/20,1494.4,6226.44,0.0,31.24,1
3/20/20,1494.4,6189.85,0.0,-36.59,0
3/23/20,1525.4,5822.62,31.0,-367.23,1,0
3/24/20,1605.75,6502.16,80.35,679.54,1,1
3/25/20,1605.45,6768.49,-0.3,266.33,0,1
3/26/20,1634.8,6698.46,29.35,-70.03,1,0
3/28/20,1617.3,6763.75,-17.5,65.29,0,1
3/29/20,1617.3,6369.09,0.0,-394.66,0
3/27/20,1617.3,6260.95,0.0,-108.14,0
3/30/20,1618.3,5885.41,1.0,-375.54,1,0
3/31/20,1608.95,6405.29,-9.35,519.88,0,1
4/1/20,1576.55,6428.28,-32.4,22.99,0,1
4/2/20,1616.8,6652.87,40.25,224.59,1,1
4/4/20,1613.1,6809.11,-3.7,156.24,0,1
4/5/20,1613.1,6741.67,0.0,-67.44,0
4/3/20,1613.1,6871.69,0.0,130.02,1
4/6/20,1648.3,6777.44,35.2,-94.25,1,0
4/7/20,1649.25,7343.2,0.95,565.76,1,1
4/8/20,1647.8,7205.55,-1.45,-137.65,0,0
4/10/20,1680.65,7365.03,32.85,159.48,1,1
4/11/20,1680.65,7293.69,0.0,-71.34,0
4/12/20,1680.65,6873.24,0.0,-420.45,0
4/13/20,1680.65,6891.6,0.0,18.36,1
4/9/20,1680.65,6915.37,0.0,23.77,1
4/14/20,1741.9,6857.66,61.25,-57.71,1,0
4/15/20,1718.65,6871.95,-23.25,14.29,0,1
4/16/20,1729.5,6623.8,10.85,-248.15,1,0
4/18/20,1692.55,7112.27,-36.95,488.47,0,1
4/19/20,1692.55,7034.89,0.0,-77.38,0
4/17/20,1692.55,7259.36,0.0,224.47,1
4/20/20,1686.2,7130.04,-6.35,-129.32,0,0
4/21/20,1682.05,6840.24,-4.15,-289.8,0,0
4/22/20,1710.55,6852.52,28.5,12.28,1,1
4/23/20,1736.25,7130.99,25.7,278.47,1,1
4/25/20,1715.9,7477.6,-20.35,346.61,0,1
4/26/20,1715.9,7507.08,0.0,29.48,1
4/24/20,1715.9,7549.52,0.0,42.44,1
4/27/20,1714.95,7699.27,-0.95,149.75,0,1
4/28/20,1691.55,7790.66,-23.4,91.39,0,1
4/29/20,1703.35,7765.33,11.8,-25.33,1,0
4/30/20,1702.75,8777.63,-0.6,1012.3,0,1
5/2/20,1686.25,8628.77,-16.5,-148.86,0,0
5/3/20,1686.25,8824.66,0.0,195.89,1
5/1/20,1686.25,8973.82,0.0,149.16,1
5/4/20,1709.1,8903.95,22.85,-69.87,1,0
5/5/20,1699.55,8885.93,-9.55,-18.02,0,0
5/6/20,1691.5,9030.96,-8.05,145.03,0,1
5/8/20,1704.05,9170.79,12.55,139.83,1,1
5/9/20,1704.05,10002.48,0.0,831.69,1
5/10/20,1704.05,9821.8,0.0,-180.68,0
5/7/20,1704.05,9527.39,0.0,-294.41,0
5/11/20,1702.75,8754.46,-1.3,-772.93,0,0
5/12/20,1702.4,8617.25,-0.35,-137.21,0,0
5/13/20,1708.4,8814.53,6.0,197.28,1,1
5/14/20,1731.6,9305.93,23.2,491.4,1,1
5/16/20,1735.35,9790.31,3.75,484.38,1,1
5/17/20,1735.35,9303.59,0.0,-486.72,0
5/15/20,1735.35,9385.7,0.0,82.11,1
5/18/20,1734.7,9669.4,-0.65,283.7,0,1
5/19/20,1737.95,9719.37,3.25,49.97,1,1
5/20/20,1748.3,9785.74,10.35,66.37,1,1
5/21/20,1724.9,9510.67,-23.4,-275.07,0,0
5/23/20,1733.55,9057.57,8.65,-453.1,1,0
5/24/20,1733.55,9167.26,0.0,109.69,1
5/25/20,1733.55,9178.32,0.0,11.06,1
5/22/20,1733.55,8730.73,0.0,-447.59,0
5/26/20,1720.25,8899.66,-13.3,168.93,0,1
5/27/20,1694.6,8842.85,-25.65,-56.81,0,0
5/28/20,1717.35,9197.54,22.75,354.69,1,1
5/30/20,1728.7,9569.21,11.35,371.67,1,1
5/31/20,1728.7,9425.98,0.0,-143.23,0
5/29/20,1728.7,9698.1,0.0,272.12,1
6/1/20,1730.6,9450.84,1.9,-247.26,1,0
6/2/20,1742.15,10204.23,11.55,753.39,1,1
6/3/20,1705.35,9525.57,-36.8,-678.66,0,0
6/4/20,1700.05,9658.04,-5.3,132.47,0,1
6/6/20,1683.45,9794.56,-16.6,136.52,0,1
6/7/20,1683.45,9623.75,0.0,-170.81,0
6/5/20,1683.45,9670.43,0.0,46.68,1
6/8/20,1690.35,9753.85,6.9,83.42,1,1
6/9/20,1713.5,9782.59,23.15,28.74,1,1
6/10/20,1722.05,9775.15,8.55,-7.44,1,0
6/11/20,1738.25,9892.13,16.2,116.98,1,1
6/13/20,1733.5,9286.42,-4.75,-605.71,0,0
6/14/20,1733.5,9459.97,0.0,173.55,1
6/12/20,1733.5,9473.5,0.0,13.53,1
6/15/20,1710.45,9330.07,-23.05,-143.43,0,0
6/16/20,1719.85,9426.7,9.4,96.63,1,1
6/17/20,1724.35,9526.0,4.5,99.3,1,1
6/18/20,1719.5,9454.81,-4.85,-71.19,0,0
6/20/20,1734.75,9380.03,15.25,-74.78,1,0
6/21/20,1734.75,9300.15,0.0,-79.88,0
6/19/20,1734.75,9357.43,0.0,57.28,1
6/22/20,1761.85,9284.78,27.1,-72.65,1,0
6/23/20,1768.9,9691.9,7.05,407.12,1,1
6/24/20,1766.05,9621.49,-2.85,-70.41,0,0
6/25/20,1756.55,9276.58,-9.5,-344.91,0,0
6/27/20,1747.6,9240.85,-8.95,-35.73,0,0
6/28/20,1747.6,9154.45,0.0,-86.4,0
6/26/20,1747.6,9004.23,0.0,-150.22,0
6/29/20,1771.6,9127.47,24.0,123.24,1,1
6/30/20,1768.1,9185.35,-3.5,57.88,0,1
7/1/20,1771.05,9133.97,2.95,-51.38,1,0
7/2/20,1777.45,9236.38,6.4,102.41,1,1
7/4/20,1772.9,9087.98,-4.55,-148.4,0,0
7/5/20,1772.9,9072.42,0.0,-15.56,0
7/3/20,1772.9,9131.31,0.0,58.89,1
7/6/20,1787.9,9089.09,15.0,-42.22,1,0
7/7/20,1789.55,9348.91,1.65,259.82,1,1
7/8/20,1811.1,9256.23,21.55,-92.68,1,0
7/9/20,1812.1,9440.07,1.0,183.84,1,1
7/11/20,1803.1,9238.04,-9.0,-202.03,0,0
7/12/20,1803.1,9287.4,0.0,49.36,1
7/10/20,1803.1,9235.96,0.0,-51.44,0
7/13/20,1807.5,9295.9,4.4,59.94,1,1
7/14/20,1801.9,9238.13,-5.6,-57.77,0,0
7/15/20,1804.6,9254.52,2.7,16.39,1,1
7/16/20,1807.7,9193.51,3.1,-61.01,1,0
7/18/20,1807.35,9131.0,-0.35,-62.51,0,0
7/19/20,1807.35,9154.19,0.0,23.19,1
7/17/20,1807.35,9174.71,0.0,20.52,1
7/20/20,1815.65,9214.66,8.3,39.95,1,1
7/21/20,1842.55,9163.87,26.9,-50.79,1,0
7/22/20,1852.4,9392.66,9.85,228.79,1,1
7/23/20,1878.3,9537.4,25.9,144.74,1,1
7/25/20,1902.1,9613.11,23.8,75.71,1,1
7/26/20,1902.1,9551.28,0.0,-61.83,0
7/24/20,1902.1,9707.5,0.0,156.22,1
7/27/20,1936.65,9938.83,34.55,231.33,1,1
7/28/20,1940.9,11042.4,4.25,1103.57,1,1
7/29/20,1950.9,10934.94,10.0,-107.46,1,0
7/30/20,1957.65,11102.67,6.75,167.73,1,1
8/1/20,1964.9,11114.93,7.25,12.26,1,1
8/2/20,1964.9,11343.88,0.0,228.95,1
7/31/20,1964.9,11823.69,0.0,479.81,1
8/3/20,1958.55,11077.77,-6.35,-745.92,0,0
8/4/20,1977.9,11242.57,19.35,164.8,1,1
8/5/20,2048.15,11194.25,70.25,-48.32,1,0
8/6/20,2067.15,11750.28,19.0,556.03,1,1
8/8/20,2031.15,11772.94,-36.0,22.66,0,1
8/9/20,2031.15,11605.6,0.0,-167.34,0
8/7/20,2031.15,11767.6,0.0,162.0,1
8/10/20,2044.5,11684.06,13.35,-83.54,1,0
8/11/20,1939.65,11893.03,-104.85,208.97,0,1
8/12/20,1931.9,11392.43,-7.75,-500.6,0,0
8/13/20,1944.25,11573.11,12.35,180.68,1,1
8/15/20,1944.75,11777.43,0.5,204.32,1,1
8/16/20,1944.75,11774.38,0.0,-3.05,0
8/14/20,1944.75,11873.98,0.0,99.6,1
8/17/20,1972.85,11914.01,28.1,40.03,1,1
8/18/20,2008.75,12293.72,35.9,379.71,1,1
8/19/20,1981.0,11969.53,-27.75,-324.19,0,0
8/20/20,1927.15,11734.0,-53.85,-235.53,0,0
8/22/20,1924.35,11865.82,-2.8,131.82,0,1
8/23/20,1924.35,11522.8,0.0,-343.02,0
8/21/20,1924.35,11683.44,0.0,160.64,1
8/24/20,1943.95,11653.02,19.6,-30.42,1,0
8/25/20,1911.15,11763.93,-32.8,110.91,0,1
8/26/20,1932.95,11337.4,21.8,-426.53,1,0
8/27/20,1923.85,11467.37,-9.1,129.97,0,1
8/29/20,1957.35,11302.01,33.5,-165.36,1,0
8/30/20,1957.35,11534.75,0.0,232.74,1
8/31/20,1957.35,11481.64,0.0,-53.11,0
8/28/20,1957.35,11707.78,0.0,226.14,1
9/1/20,1972.35,11659.57,15.0,-48.21,1,0
9/2/20,1947.05,11923.25,-25.3,263.68,0,1
9/3/20,1940.45,11397.44,-6.6,-525.81,0,0
9/5/20,1926.3,10187.51,-14.15,-1209.93,0,0
9/6/20,1926.3,10467.89,0.0,280.38,1
9/4/20,1926.3,10159.62,0.0,-308.27,0
9/7/20,1928.45,10254.93,2.15,95.31,1,1
9/8/20,1910.95,10367.74,-17.5,112.81,0,1
9/9/20,1947.2,10121.52,36.25,-246.22,1,0
9/10/20,1966.25,10227.83,19.05,106.31,1,1
9/12/20,1947.4,10352.66,-18.85,124.83,0,1
9/13/20,1947.4,10395.44,0.0,42.78,1
9/11/20,1947.4,10446.44,0.0,51.0,1
9/14/20,1958.7,10330.77,11.3,-115.67,1,0
9/15/20,1949.35,10674.64,-9.35,343.87,0,1
9/16/20,1961.8,10785.62,12.45,110.98,1,1
9/17/20,1936.25,10948.43,-25.55,162.81,0,1
9/19/20,1950.85,10943.89,14.6,-4.54,1,0
9/20/20,1950.85,10931.79,0.0,-12.1,0
9/18/20,1950.85,11081.43,0.0,149.64,1
9/21/20,1909.35,10919.65,-41.5,-161.78,0,0
9/22/20,1906.0,10430.46,-3.35,-489.19,0,0
9/23/20,1873.4,10532.22,-32.6,101.76,0,1
9/24/20,1861.75,10234.48,-11.65,-297.74,0,0
9/26/20,1859.7,10732.43,-2.05,497.95,0,1
9/27/20,1859.7,10692.84,0.0,-39.59,0
9/25/20,1859.7,10732.4,0.0,39.56,1
9/28/20,1864.3,10774.24,4.6,41.84,1,1
9/29/20,1883.95,10692.33,19.65,-81.91,1,0
9/30/20,1886.9,10840.8,2.95,148.47,1,1
10/1/20,1902.0,10777.92,15.1,-62.88,1,0
10/3/20,1903.05,10619.24,1.05,-158.68,1,0
10/4/20,1903.05,10575.06,0.0,-44.18,0
10/2/20,1903.05,10551.77,0.0,-23.29,0
10/5/20,1909.6,10673.46,6.55,121.69,1,1
10/6/20,1913.4,10788.56,3.8,115.1,1,1
10/7/20,1884.5,10603.74,-28.9,-184.82,0,0
10/8/20,1887.45,10670.8,2.95,67.06,1,1
10/10/20,1923.25,10923.3,35.8,252.5,1,1
10/11/20,1923.25,11063.19,0.0,139.89,1
10/9/20,1923.25,11302.67,0.0,239.48,1
10/12/20,1925.5,11376.61,2.25,73.94,1,1
10/13/20,1891.3,11540.04,-34.2,163.43,0,1
10/14/20,1910.05,11428.24,18.75,-111.8,1,0
10/15/20,1891.9,11431.32,-18.15,3.08,0,1
10/17/20,1905.05,11503.73,13.15,72.41,1,1
10/18/20,1905.05,11327.57,0.0,-176.16,0
10/16/20,1905.05,11366.51,0.0,38.94,1
10/19/20,1905.6,11508.2,0.55,141.69,1,1
10/20/20,1898.4,11758.16,-7.2,249.96,0,1
10/21/20,1924.15,11925.46,25.75,167.3,1,1
10/22/20,1900.95,12831.56,-23.2,906.1,0,1
10/24/20,1903.65,12990.25,2.7,158.69,1,1
10/25/20,1903.65,12944.52,0.0,-45.73,0
10/23/20,1903.65,13128.46,0.0,183.94,1
10/26/20,1898.45,13036.77,-5.2,-91.69,0,0
10/27/20,1905.7,13076.37,7.25,39.6,1,1
10/28/20,1869.95,13651.47,-35.75,575.1,0,1
10/29/20,1870.3,13289.0,0.35,-362.47,1,0
10/31/20,1881.85,13458.66,11.55,169.66,1,1
11/1/20,1881.85,13564.72,0.0,106.06,1
10/30/20,1881.85,13810.32,0.0,245.6,1
11/2/20,1889.9,13758.88,8.05,-51.44,1,0
11/3/20,1908.3,13575.17,18.4,-183.71,1,0
11/4/20,1900.15,14023.31,-8.15,448.14,0,1
11/5/20,1938.45,14155.59,38.3,132.28,1,1
11/7/20,1940.8,15591.39,2.35,1435.8,1,1
11/8/20,1940.8,15595.77,0.0,4.38,1
11/6/20,1940.8,14839.84,0.0,-755.93,0
11/9/20,1867.3,15490.6,-73.5,650.76,0,1
11/10/20,1878.7,15328.53,11.4,-162.07,1,0
11/11/20,1860.95,15317.04,-17.75,-11.49,0,0
11/12/20,1874.85,15708.65,13.9,391.61,1,1
11/14/20,1890.9,16295.57,16.05,586.92,1,1
11/15/20,1890.9,16339.33,0.0,43.76,1
11/13/20,1890.9,16091.07,0.0,-248.26,0
11/16/20,1885.6,15968.16,-5.3,-122.91,0,0
11/17/20,1889.05,16725.15,3.45,756.99,1,1
11/18/20,1876.1,17679.72,-12.95,954.57,0,1
11/19/20,1857.35,17798.45,-18.75,118.73,0,1
11/21/20,1875.7,17820.57,18.35,22.12,1,1
11/22/20,1875.7,18687.45,0.0,866.88,1
11/20/20,1875.7,18699.75,0.0,12.3,1
11/23/20,1840.2,18422.28,-35.5,-277.47,0,0
11/24/20,1799.6,18398.91,-40.6,-23.37,0,0
11/25/20,1810.2,19172.52,10.6,773.61,1,1
11/26/20,1807.4,18739.8,-2.8,-432.72,0,0
11/28/20,1779.3,17151.44,-28.1,-1588.36,0,0
11/29/20,1779.3,17138.87,0.0,-12.57,0
11/27/20,1779.3,17732.42,0.0,593.55,1
11/30/20,1762.55,18191.6,-16.75,459.18,0,1
12/1/20,1810.75,19709.73,48.2,1518.13,1,1
12/2/20,1822.6,18792.52,11.85,-917.21,1,0
12/3/20,1832.35,19226.97,9.75,434.45,1,1
12/5/20,1843.0,19454.54,10.65,227.57,1,1
12/6/20,1843.0,18670.49,0.0,-784.05,0
12/4/20,1843.0,19155.06,0.0,484.57,1
12/7/20,1859.95,19377.66,16.95,222.6,1,1
12/8/20,1868.15,19181.41,8.2,-196.25,1,0
12/9/20,1841.75,18318.87,-26.4,-862.54,0,0
12/10/20,1844.35,18554.15,2.6,235.28,1,1
12/12/20,1842.0,18247.76,-2.35,-306.39,0,0
12/13/20,1842.0,18029.36,0.0,-218.4,0
12/11/20,1842.0,18803.44,0.0,774.08,1
12/14/20,1831.15,19164.48,-10.85,361.04,0,1
12/15/20,1850.65,19276.59,19.5,112.11,1,1
12/16/20,1851.95,19439.75,1.3,163.16,1,1
12/17/20,1890.75,21379.48,38.8,1939.73,1,1
12/19/20,1879.75,22847.46,-11.0,1467.98,0,1
12/20/20,1879.75,23150.79,0.0,303.33,1
12/18/20,1879.75,23869.92,0.0,719.13,1
12/21/20,1880.0,23490.58,0.25,-379.34,1,0
12/22/20,1877.1,22745.48,-2.9,-745.1,0,0
12/23/20,1875.0,23824.99,-2.1,1079.51,0,1
12/25/20,nan,23253.37,nan,-571.62,0
12/26/20,nan,23715.53,nan,462.16,1
12/27/20,nan,24693.58,nan,978.05,1
12/28/20,nan,26443.21,nan,1749.63,1
12/24/20,nan,26246.58,nan,-196.63,0
12/29/20,1874.3,27036.69,nan,790.11,1
12/30/20,1887.6,27376.37,13.3,339.68,1,1
1/1/21,nan,28856.59,nan,1480.22,1
1/2/21,nan,28982.56,nan,125.97,1
1/3/21,nan,29393.75,nan,411.19,1
12/31/20,nan,32195.46,nan,2801.71,1
1/4/21,1943.2,33000.78,nan,805.32,1
1/5/21,1940.35,32035.03,-2.85,-965.75,0,0
1/6/21,1931.95,34046.67,-8.4,2011.64,0,1
1/7/21,1920.1,36860.41,-11.85,2813.74,0,1
1/9/21,1862.9,39486.04,-57.2,2625.63,0,1
1/10/21,1862.9,40670.25,0.0,1184.21,1
1/8/21,1862.9,40240.72,0.0,-429.53,0
1/11/21,1847.25,38240.09,-15.65,-2000.63,0,0
1/12/21,1841.25,35544.94,-6.0,-2695.15,0,0
1/13/21,1858.85,34011.82,17.6,-1533.12,1,0
1/14/21,1841.75,37393.13,-17.1,3381.31,0,1
1/16/21,1839.0,39158.47,-2.75,1765.34,0,1
1/17/21,1839.0,36828.52,0.0,-2329.95,0
1/15/21,1839.0,36065.2,0.0,-763.32,0
1/18/21,1833.05,35793.01,-5.95,-272.19,0,0
1/19/21,1834.7,36632.35,1.65,839.34,1,1
1/20/21,1856.6,36020.13,21.9,-612.22,1,0
1/21/21,1862.1,35538.98,5.5,-481.15,1,0
1/23/21,1852.7,30797.88,-9.4,-4741.1,0,0
1/24/21,1852.7,33002.38,0.0,2204.5,1
1/22/21,1852.7,32099.74,0.0,-902.64,0
1/25/21,1856.85,32276.84,4.15,177.1,1,1
1/26/21,1856.6,32243.26,-0.25,-33.58,0,0
1/27/21,1843.0,32541.8,-13.6,298.54,0,1
1/28/21,1853.7,30419.17,10.7,-2122.63,1,0
1/30/21,1863.8,33403.17,10.1,2984.0,1,1
1/31/21,1863.8,34314.26,0.0,911.09,1
1/29/21,1863.8,34318.1,0.0,3.84,1
2/1/21,1862.95,33136.46,-0.85,-1181.64,0,0
2/2/21,1833.1,33522.9,-29.85,386.44,0,1
2/3/21,1835.45,35529.66,2.35,2006.76,1,1
2/4/21,1785.9,37676.25,-49.55,2146.59,0,1
2/6/21,1802.95,37002.09,17.05,-674.16,1,0
2/7/21,1802.95,38278.61,0.0,1276.52,1
2/5/21,1802.95,39323.26,0.0,1044.65,1
2/8/21,1835.25,38928.1,32.3,-395.16,1,0
2/9/21,1839.6,46364.3,4.35,7436.2,1,1
2/10/21,1842.65,46589.58,3.05,225.28,1,1
2/11/21,1840.1,44878.17,-2.55,-1711.41,0,0
2/13/21,1816.35,48013.38,-23.75,3135.21,0,1
2/14/21,1816.35,47471.4,0.0,-541.98,0
2/12/21,1816.35,47185.19,0.0,-286.21,0
2/15/21,1817.3,48720.37,0.95,1535.18,1,1
2/16/21,1794.25,47951.85,-23.05,-768.52,0,0
2/17/21,1780.7,49160.1,-13.55,1208.25,0,1
2/18/21,1773.15,52118.23,-7.55,2958.13,0,1
2/20/21,1786.2,51608.15,13.05,-510.08,1,0
2/21/21,1786.2,55916.5,0.0,4308.35,1
2/19/21,1786.2,56001.2,0.0,84.7,1
2/22/21,1807.45,57487.86,21.25,1486.66,1,1
2/23/21,1799.65,54123.4,-7.8,-3364.46,0,0
2/24/21,1788.0,48880.43,-11.65,-5242.97,0,0
2/25/21,1779.65,50624.84,-8.35,1744.41,0,1
2/27/21,1742.85,46800.42,-36.8,-3824.42,0,0
2/28/21,1742.85,46340.31,0.0,-460.11,0
2/26/21,1742.85,46155.87,0.0,-184.44,0
3/1/21,1734.15,45113.92,-8.7,-1041.95,0,0
3/2/21,1723.85,49618.43,-10.3,4504.51,0,1
3/3/21,1711.4,48356.04,-12.45,-1262.39,0,0
3/4/21,1712.1,50477.7,0.7,2121.66,1,1
3/6/21,1696.25,48448.91,-15.85,-2028.79,0,0
3/7/21,1696.25,48861.38,0.0,412.47,1
3/5/21,1696.25,48881.59,0.0,20.21,1
3/8/21,1687.05,51169.7,-9.2,2288.11,0,1
3/9/21,1716.9,52299.33,29.85,1129.63,1,1
3/10/21,1716.2,54881.52,-0.7,2582.19,0,1
3/11/21,1724.25,55997.23,8.05,1115.71,1,1
3/13/21,1704.8,57764.0,-19.45,1766.77,0,1
3/14/21,1704.8,57253.28,0.0,-510.72,0
3/12/21,1704.8,61258.73,0.0,4005.45,1
3/15/21,1723.65,59133.47,18.85,-2125.26,1,0
3/16/21,1735.0,55754.72,11.35,-3378.75,1,0
3/17/21,1729.65,56872.38,-5.35,1117.66,0,1
3/18/21,1725.9,58913.0,-3.75,2040.62,0,1
3/20/21,1735.2,57665.9,9.3,-1247.1,1,0
3/21/21,1735.2,58075.1,0.0,409.2,1
3/19/21,1735.2,58085.8,0.0,10.7,1
3/22/21,1736.15,57411.17,0.95,-674.63,1,0
3/23/21,1726.2,54204.96,-9.95,-3206.21,0,0
3/24/21,1730.5,54477.46,4.3,272.5,1,1
3/25/21,1737.3,52508.23,6.8,-1969.23,1,0
3/27/21,1731.8,51415.92,-5.5,-1092.31,0,0
3/28/21,1731.8,55074.47,0.0,3658.55,1
3/26/21,1731.8,55863.93,0.0,789.46,1
3/29/21,1705.95,55783.71,-25.85,-80.22,0,0
3/30/21,1683.95,57627.67,-22.0,1843.96,0,1
3/31/21,1691.05,58730.13,7.1,1102.46,1,1
4/2/21,1726.05,58735.25,35.0,5.12,1,1
4/3/21,1726.05,58736.92,0.0,1.67,1
4/4/21,1726.05,59031.32,0.0,294.4,1
4/5/21,1726.05,57076.49,0.0,-1954.83,0
4/1/21,1726.05,58206.55,0.0,1130.06,1
4/6/21,1744.65,59054.1,18.6,847.55,1,1
4/7/21,1738.05,58020.46,-6.6,-1033.64,0,0
4/8/21,1755.5,55947.27,17.45,-2073.19,1,0
4/10/21,1741.2,58048.59,-14.3,2101.32,0,1
4/11/21,1741.2,58102.58,0.0,53.99,1
4/9/21,1741.2,59774.0,0.0,1671.42,1
4/12/21,1732.85,59964.87,-8.35,190.87,0,1
4/13/21,1747.95,59834.74,15.1,-130.13,1,0
4/14/21,1735.55,63554.44,-12.4,3719.7,0,1
4/15/21,1757.2,62969.12,21.65,-585.32,1,0
4/17/21,1774.45,63252.63,17.25,283.51,1,1
4/18/21,1774.45,61455.98,0.0,-1796.65,0
4/16/21,1774.45,60087.09,0.0,-1368.89,0
4/19/21,1774.5,56251.48,0.05,-3835.61,1,0
4/20/21,1777.85,55703.14,3.35,-548.34,1,0
4/21/21,1798.2,56507.91,20.35,804.77,1,1
4/22/21,1787.75,53808.8,-10.45,-2699.11,0,0
4/24/21,1781.8,51731.71,-5.95,-2077.09,0,0
4/25/21,1781.8,51153.13,0.0,-578.58,0
4/23/21,1781.8,50110.53,0.0,-1042.6,0
4/26/21,1773.35,49075.58,-8.45,-1034.95,0,0
4/27/21,1784.15,54056.64,10.8,4981.06,1,1
4/28/21,1772.2,55071.46,-11.95,1014.82,0,1
4/29/21,1762.65,54884.1,-9.55,-187.36,0,0
5/1/21,1767.65,53584.15,5.0,-1299.95,1,0
5/2/21,1767.65,57796.62,0.0,4212.47,1
5/3/21,1767.65,57857.5,0.0,60.88,1
4/30/21,1767.65,56610.46,0.0,-1247.04,0
5/4/21,1797.75,57213.33,30.1,602.87,1,1
5/5/21,1782.25,53241.72,-15.5,-3971.61,0,0
5/6/21,1813.15,57473.23,30.9,4231.51,1,1
5/8/21,1836.55,56428.16,23.4,-1045.07,1,0
5/9/21,1836.55,57380.27,0.0,952.11,1
5/7/21,1836.55,58928.81,0.0,1548.54,1
5/10/21,1840.45,58280.73,3.9,-648.08,1,0
5/11/21,1829.1,55883.5,-11.35,-2397.23,0,0
5/12/21,1830.7,56750.0,1.6,866.5,1,1
5/13/21,1821.8,49007.09,-8.9,-7742.91,0,0
5/15/21,1838.1,49702.27,16.3,695.18,1,1
5/16/21,1838.1,49922.52,0.0,220.25,1
5/14/21,1838.1,46736.58,0.0,-3185.94,0
5/17/21,1853.7,46441.64,15.6,-294.94,1,0
5/18/21,1866.75,43596.24,13.05,-2845.4,1,0
5/19/21,1888.45,42912.19,21.7,-684.05,1,0
5/20/21,1878.3,36964.27,-10.15,-5947.92,0,0
5/22/21,1875.9,40784.32,-2.4,3820.05,0,1
5/23/21,1875.9,37280.35,0.0,-3503.97,0
5/21/21,1875.9,37528.3,0.0,247.95,1
5/24/21,1880.15,34754.54,4.25,-2773.76,1,0
5/25/21,1887.0,38728.59,6.85,3974.05,1,1
5/26/21,1899.75,38410.5,12.75,-318.09,1,0
5/27/21,1891.45,39266.04,-8.3,855.54,0,1
5/29/21,1899.95,38445.29,8.5,-820.75,1,0
5/30/21,1899.95,35689.62,0.0,-2755.67,0
5/31/21,1899.95,34647.67,0.0,-1041.95,0
5/28/21,1899.95,35684.59,0.0,1036.92,1
6/1/21,1899.35,37310.54,-0.6,1625.95,0,1
6/2/21,1902.75,36662.64,3.4,-647.9,1,0
6/3/21,1866.55,37585.24,-36.2,922.6,0,1
6/5/21,1890.6,39188.59,24.05,1603.35,1,1
6/6/21,1890.6,36885.51,0.0,-2303.08,0
6/4/21,1890.6,35530.38,0.0,-1355.13,0
6/7/21,1888.4,35816.17,-2.2,285.79,0,1
6/8/21,1893.15,33514.87,4.75,-2301.3,1,0
6/9/21,1894.6,33450.19,1.45,-64.68,1,0
6/10/21,1888.65,37338.36,-5.95,3888.17,0,1
6/12/21,1881.05,36704.57,-7.6,-633.79,0,0
6/13/21,1881.05,37313.18,0.0,608.61,1
6/11/21,1881.05,35494.9,0.0,-1818.28,0
6/14/21,1865.6,39066.82,-15.45,3571.92,0,1
6/15/21,1865.1,40525.8,-0.5,1458.98,0,1
6/16/21,1860.75,40188.56,-4.35,-337.24,0,0
6/17/21,1778.7,38324.87,-82.05,-1863.69,0,0
6/19/21,1773.1,38068.04,-5.6,-256.83,0,0
6/20/21,1773.1,35729.82,0.0,-2338.22,0
6/18/21,1773.1,35524.17,0.0,-205.65,0
6/21/21,1775.05,35592.35,1.95,68.18,1,1
6/22/21,1775.05,31686.55,0.0,-3905.8,0
6/23/21,1791.6,32447.59,16.55,761.04,1,1
6/24/21,1784.85,33674.66,-6.75,1227.07,0,1
6/26/21,1786.65,34639.38,1.8,964.72,1,1
6/27/21,1786.65,31640.58,0.0,-2998.8,0
6/25/21,1786.65,32160.91,0.0,520.33,1
6/28/21,1780.3,34644.45,-6.35,2483.54,0,1
6/29/21,1755.45,34456.67,-24.85,-187.78,0,0
6/30/21,1763.15,35847.7,7.7,1391.03,1,1
7/1/21,1781.5,35047.36,18.35,-800.34,1,0
7/3/21,1786.15,33536.88,4.65,-1510.48,1,0
7/4/21,1786.15,33856.86,0.0,319.98,1
7/2/21,1786.15,34688.98,0.0,832.12,1
7/5/21,1791.35,35309.3,5.2,620.32,1,1
7/6/21,1809.85,33747.97,18.5,-1561.33,1,0
7/7/21,1804.65,34211.01,-5.2,463.04,0,1
7/8/21,1807.7,33839.04,3.05,-371.97,1,0
7/10/21,1806.0,32877.41,-1.7,-961.63,0,0
7/11/21,1806.0,33818.52,0.0,941.11,1
7/9/21,1806.0,33515.57,0.0,-302.95,0
7/12/21,1792.4,34227.64,-13.6,712.07,0,1
7/13/21,1813.85,33158.25,21.45,-1069.39,1,0
7/14/21,1823.2,32686.56,9.35,-471.69,1,0
7/15/21,1823.75,32814.61,0.55,128.05,1,1
7/17/21,1824.3,31738.59,0.55,-1076.02,1,0
7/18/21,1824.3,31421.25,0.0,-317.34,0
7/16/21,1824.3,31520.66,0.0,99.41,1
7/19/21,1814.9,31783.49,-9.4,262.83,0,1
7/20/21,1823.05,30815.94,8.15,-967.55,1,0
7/21/21,1802.15,29790.24,-20.9,-1025.7,0,0
7/22/21,1799.45,32118.06,-2.7,2327.82,0,1
7/24/21,1799.6,32297.89,0.15,179.83,1,1
7/25/21,1799.6,33581.63,0.0,1283.74,1
7/23/21,1799.6,34279.34,0.0,697.71,1
7/26/21,1800.2,35365.2,0.6,1085.86,1,1
7/27/21,1800.35,37318.14,0.15,1952.94,1,1
7/28/21,1796.6,39405.95,-3.75,2087.81,0,1
7/29/21,1829.3,40002.53,32.7,596.58,1,1
7/31/21,1825.75,40005.93,-3.55,3.4,0,1
8/1/21,1825.75,42214.15,0.0,2208.22,1
7/30/21,1825.75,41659.06,0.0,-555.09,0
8/2/21,1811.45,40000.46,-14.3,-1658.6,0,0
8/3/21,1812.65,39193.94,1.2,-806.52,1,0
8/4/21,1829.1,38138.0,16.45,-1055.94,1,0
8/5/21,1800.75,39750.14,-28.35,1612.14,0,1
8/7/21,1762.9,40882.0,-37.85,1131.86,0,1
8/8/21,1762.9,42825.95,0.0,1943.95,1
8/6/21,1762.9,44634.13,0.0,1808.18,1
8/9/21,1738.85,43816.14,-24.05,-817.99,0,0
8/10/21,1723.35,46333.46,-15.5,2517.32,0,1
8/11/21,1743.6,45608.37,20.25,-725.09,1,0
8/12/21,1747.4,45611.46,3.8,3.09,1,1
8/14/21,1773.85,44417.78,26.45,-1193.68,1,0
8/15/21,1773.85,47833.98,0.0,3416.2,1
8/13/21,1773.85,47112.19,0.0,-721.79,0
8/16/21,1786.35,47056.41,12.5,-55.78,1,0
8/17/21,1789.45,45982.55,3.1,-1073.86,1,0
8/18/21,1783.45,44648.57,-6.0,-1333.98,0,0
8/19/21,1782.05,44777.86,-1.4,129.29,0,1
8/21/21,1779.05,46734.65,-3.0,1956.79,0,1
8/22/21,1779.05,49327.75,0.0,2593.1,1
8/20/21,1779.05,48932.02,0.0,-395.73,0
8/23/21,1802.0,49335.68,22.95,403.66,1,1
8/24/21,1808.45,49523.5,6.45,187.82,1,1
8/25/21,1788.7,47744.58,-19.75,-1778.92,0,0
8/26/21,1786.6,48972.09,-2.1,1227.51,0,1
8/28/21,1798.5,46962.8,11.9,-2009.29,1,0
8/29/21,1798.5,49056.86,0.0,2094.06,1
8/30/21,1798.5,48897.65,0.0,-159.21,0
8/27/21,1798.5,48806.78,0.0,-90.87,0
8/31/21,1814.85,47074.77,16.35,-1732.01,1,0
9/1/21,1811.8,47155.87,-3.05,81.1,0,1
9/2/21,1812.55,48862.76,0.75,1706.89,1,1
9/4/21,1823.7,49329.01,11.15,466.25,1,1
9/5/21,1823.7,50035.33,0.0,706.32,1
9/3/21,1823.7,49947.38,0.0,-87.95,0
9/6/21,1821.6,51769.06,-2.1,1821.68,0,1
9/7/21,1802.15,52677.4,-19.45,908.34,0,1
9/8/21,1786.0,46809.17,-16.15,-5868.23,0,0
9/9/21,1788.25,46078.38,2.25,-730.79,1,0
9/10/21,1794.6,46368.69,6.35,290.31,1,1
